0;50;100;150;200;250;300;350;400;450;500;550;600;650;700;750;800;850;900;950;1000;1050;1100;1150;1200;1250;1300;1350;1400;1450;1500;1550;1600;1650;1700;1750;1800;1850;1900;1950;2000;2050;2100;2150;2200;2250;2300;2350;2400;2450;2500;2550;2600;2650;2700;2750;2800;2850;2900;2950;3000;3050;3100;3150;3200;3250;3300;3350;3400;3450;3500;3550;3600;3650;3700;3750;3800;3850;3900;3950;4000;4050;4100;4150;4200;4250;4300;4350;4400;4450;4500;4550;4600;4650;4700;4750;4800;4850;4900;4950;5000
0;5;14;36;115;365;982;2650;6839;14717;23126;27734;29267;29639;29722;29736;29737;29742;29742;29741;29737;29740;29739;29741;29746;29746;29747;29746;29747;29744;29745;29746;29747;29749;29749;29747;29749;29752;29752;29754;29755;29756;29756;29756;29755;29758;29757;29755;29757;29758;29756;29757;29760;29764;29761;29757;29758;29758;29755;29754;29754;29753;29752;29753;29752;29750;29749;29749;29748;29748;29751;29750;29752;29754;29751;29752;29752;29750;29754;29752;29751;29753;29758;29756;29759;29756;29756;29755;29755;29752;29753;29752;29752;29753;29750;29750;29751;29750;29750;29750;29750
0;2;14;34;90;285;794;2258;5892;13031;21988;27601;29446;29916;30023;30053;30055;30054;30055;30055;30055;30054;30052;30054;30053;30049;30051;30051;30052;30058;30060;30058;30059;30058;30058;30056;30060;30058;30057;30057;30055;30057;30059;30061;30062;30063;30063;30064;30065;30068;30069;30070;30069;30069;30069;30071;30073;30076;30078;30075;30073;30071;30068;30067;30063;30061;30062;30060;30058;30060;30058;30058;30059;30058;30053;30054;30056;30054;30053;30053;30054;30056;30056;30058;30058;30057;30057;30058;30058;30061;30061;30062;30061;30060;30058;30058;30062;30060;30062;30062;30062
0;5;10;33;82;259;746;2036;5347;12239;21188;27235;29407;29975;30114;30140;30145;30146;30147;30148;30149;30149;30147;30143;30143;30140;30143;30144;30140;30141;30141;30141;30142;30142;30138;30134;30134;30136;30136;30135;30133;30132;30136;30134;30135;30135;30134;30131;30132;30134;30132;30133;30132;30133;30134;30133;30137;30137;30137;30135;30135;30136;30137;30137;30137;30139;30139;30143;30142;30146;30142;30142;30140;30143;30143;30144;30143;30142;30144;30142;30143;30149;30151;30150;30153;30155;30155;30156;30157;30153;30154;30153;30151;30152;30151;30149;30150;30147;30147;30147;30143
0;5;14;42;121;341;924;2523;6599;14262;22885;27767;29384;29753;29853;29867;29870;29872;29872;29876;29875;29873;29874;29874;29874;29876;29876;29879;29875;29876;29874;29870;29868;29870;29871;29872;29873;29870;29873;29873;29873;29873;29872;29871;29873;29874;29878;29877;29876;29875;29872;29872;29870;29868;29873;29874;29876;29878;29881;29879;29882;29880;29881;29882;29881;29881;29880;29883;29882;29882;29881;29880;29881;29885;29883;29887;29884;29884;29887;29887;29884;29889;29888;29884;29882;29880;29879;29880;29880;29879;29882;29883;29883;29885;29885;29884;29887;29884;29888;29887;29886
0;1;7;14;47;134;388;1111;3105;7799;16076;24177;28210;29394;29708;29765;29778;29778;29780;29783;29782;29785;29789;29784;29784;29783;29784;29787;29788;29784;29787;29786;29785;29785;29786;29785;29789;29790;29792;29793;29792;29790;29790;29788;29788;29784;29786;29786;29787;29789;29791;29791;29790;29791;29791;29791;29791;29792;29791;29790;29791;29789;29790;29790;29791;29790;29795;29793;29792;29790;29789;29794;29796;29796;29798;29798;29795;29793;29791;29790;29790;29792;29790;29787;29788;29790;29789;29791;29788;29790;29789;29787;29786;29789;29789;29788;29790;29795;29797;29796;29796
0;3;11;37;103;305;843;2232;5793;12944;21851;27415;29337;29851;29974;29997;30004;30008;30008;30007;30004;30006;30002;30001;30003;30000;30001;30001;29998;29999;29997;29998;29999;29999;29999;29999;29997;29993;29993;29993;29997;29999;30002;30003;30005;30004;30004;30003;30003;30001;30000;30003;30003;30003;30003;30002;30001;30004;30004;30003;30006;30005;30004;30003;29999;30000;30004;29999;29997;29997;29997;29992;29992;29993;29991;29990;29989;29986;29987;29988;29988;29990;29991;29992;29993;29996;29994;29995;29992;29992;29991;29995;29995;29994;29994;29992;29993;29996;29993;29996;29994
0;2;9;20;56;158;471;1388;3786;9419;18227;25763;28981;29895;30103;30143;30152;30152;30153;30156;30155;30155;30156;30157;30157;30156;30158;30157;30156;30155;30155;30155;30149;30154;30157;30156;30155;30157;30154;30155;30155;30155;30157;30157;30153;30153;30151;30149;30149;30149;30149;30149;30148;30147;30148;30144;30146;30146;30145;30143;30142;30142;30140;30139;30140;30140;30140;30139;30144;30144;30144;30144;30144;30145;30146;30148;30148;30147;30147;30146;30145;30146;30147;30148;30148;30148;30149;30149;30147;30145;30144;30144;30144;30145;30151;30151;30153;30151;30152;30152;30152
0;3;6;19;60;154;489;1391;3756;9239;17922;25388;28705;29609;29804;29857;29868;29866;29870;29869;29868;29869;29869;29867;29866;29862;29864;29864;29867;29867;29868;29867;29870;29871;29873;29873;29874;29879;29880;29882;29881;29882;29882;29883;29882;29884;29883;29880;29883;29881;29878;29879;29879;29879;29877;29876;29873;29876;29875;29874;29871;29872;29873;29873;29872;29872;29871;29871;29872;29871;29871;29869;29869;29865;29868;29868;29868;29871;29871;29869;29866;29867;29867;29869;29870;29869;29870;29872;29866;29866;29867;29868;29867;29865;29865;29866;29867;29862;29864;29869;29868
0;5;12;45;141;385;1144;3146;7865;16262;24471;28527;29697;29983;30045;30057;30059;30058;30058;30056;30058;30059;30058;30057;30057;30058;30057;30058;30058;30058;30057;30060;30062;30062;30062;30062;30071;30071;30067;30069;30066;30065;30070;30068;30066;30064;30065;30066;30067;30066;30067;30067;30067;30068;30067;30067;30063;30064;30068;30064;30065;30066;30064;30065;30066;30066;30065;30064;30063;30061;30067;30068;30070;30071;30074;30075;30077;30077;30078;30076;30076;30076;30075;30075;30075;30075;30075;30074;30073;30072;30070;30074;30068;30068;30067;30065;30066;30064;30060;30062;30061
0;3;13;48;136;380;1132;3119;7881;16123;24233;28234;29404;29704;29771;29797;29797;29803;29804;29802;29802;29804;29803;29802;29802;29803;29803;29804;29801;29800;29800;29803;29801;29800;29801;29799;29800;29798;29794;29796;29796;29797;29795;29792;29790;29791;29793;29794;29797;29798;29796;29796;29795;29793;29796;29795;29795;29795;29794;29794;29793;29792;29790;29791;29789;29788;29792;29794;29793;29790;29790;29786;29786;29788;29788;29789;29788;29783;29782;29781;29785;29787;29788;29790;29793;29793;29790;29792;29793;29793;29796;29793;29790;29792;29795;29792;29790;29789;29787;29790;29792
0;2;6;17;50;154;424;1188;3254;8242;16697;24629;28453;29573;29853;29919;29928;29930;29930;29925;29926;29929;29929;29928;29931;29931;29928;29930;29931;29927;29927;29930;29927;29927;29925;29925;29926;29926;29926;29927;29929;29926;29926;29927;29924;29923;29920;29919;29920;29918;29917;29920;29920;29921;29923;29925;29924;29926;29931;29928;29931;29931;29932;29933;29934;29935;29937;29939;29939;29939;29939;29941;29943;29941;29941;29942;29941;29939;29942;29940;29940;29942;29940;29941;29940;29938;29939;29940;29939;29940;29940;29939;29937;29937;29936;29933;29933;29933;29934;29934;29932
0;7;30;92;261;770;2194;5884;13071;21903;27395;29261;29736;29864;29883;29887;29885;29884;29887;29886;29882;29883;29882;29882;29882;29882;29879;29879;29881;29883;29884;29884;29883;29885;29885;29880;29882;29882;29885;29884;29884;29881;29880;29880;29880;29883;29881;29876;29880;29881;29877;29878;29875;29873;29870;29870;29874;29873;29869;29869;29869;29871;29870;29871;29877;29877;29874;29878;29875;29876;29876;29876;29876;29874;29877;29877;29879;29879;29877;29875;29873;29874;29873;29871;29871;29871;29871;29874;29876;29880;29876;29879;29877;29877;29878;29878;29878;29876;29875;29873;29875
0;4;16;42;128;384;1083;2980;7585;15770;24052;28293;29566;29844;29887;29917;29917;29914;29914;29914;29911;29913;29914;29916;29911;29910;29910;29911;29912;29911;29911;29907;29908;29910;29911;29911;29910;29909;29907;29907;29904;29906;29908;29906;29907;29906;29901;29901;29901;29900;29902;29903;29900;29899;29902;29901;29901;29901;29900;29899;29900;29897;29898;29900;29901;29902;29906;29903;29903;29905;29904;29901;29903;29905;29904;29906;29906;29905;29906;29904;29901;29898;29900;29899;29899;29900;29901;29903;29901;29902;29904;29903;29907;29907;29907;29905;29904;29905;29906;29906;29903
0;3;7;21;54;161;452;1258;3477;8538;17189;25250;28835;29855;30090;30155;30171;30171;30174;30174;30175;30174;30170;30165;30163;30162;30162;30164;30162;30163;30164;30162;30163;30163;30162;30164;30162;30165;30161;30164;30164;30159;30157;30155;30158;30160;30161;30161;30162;30160;30154;30156;30157;30153;30152;30151;30147;30146;30143;30144;30148;30148;30150;30150;30150;30150;30152;30152;30150;30154;30149;30149;30152;30153;30151;30147;30146;30143;30147;30148;30145;30146;30146;30145;30146;30145;30143;30146;30146;30145;30144;30144;30143;30146;30149;30150;30150;30151;30150;30150;30147
0;2;4;7;21;61;175;493;1371;3754;9133;17928;25489;28743;29698;29900;29951;29962;29966;29962;29962;29964;29961;29961;29958;29957;29959;29961;29961;29962;29961;29961;29961;29963;29960;29958;29957;29959;29954;29954;29953;29951;29951;29954;29955;29955;29952;29952;29953;29953;29950;29949;29946;29946;29948;29945;29946;29944;29944;29943;29943;29941;29940;29939;29937;29933;29931;29931;29931;29930;29928;29925;29923;29923;29924;29927;29925;29926;29927;29925;29923;29926;29928;29929;29930;29929;29926;29926;29923;29921;29922;29923;29923;29922;29920;29920;29920;29922;29923;29919;29920
0;2;7;13;47;147;411;1107;3102;7762;15899;23879;28011;29273;29569;29638;29658;29663;29667;29665;29663;29663;29666;29665;29666;29667;29666;29668;29665;29662;29661;29658;29660;29660;29662;29661;29660;29660;29659;29657;29656;29652;29654;29654;29656;29658;29658;29660;29662;29660;29655;29656;29658;29654;29654;29654;29652;29652;29653;29652;29650;29648;29646;29648;29647;29646;29646;29644;29647;29648;29647;29643;29644;29642;29644;29644;29648;29646;29646;29642;29644;29648;29648;29648;29651;29649;29646;29645;29645;29646;29645;29644;29642;29642;29643;29639;29641;29642;29639;29641;29641
0;4;15;40;129;387;1054;2850;7222;15231;23573;28154;29504;29850;29936;29946;29948;29949;29947;29949;29946;29947;29950;29949;29949;29951;29953;29956;29961;29961;29961;29962;29961;29960;29959;29958;29961;29959;29957;29959;29957;29958;29961;29960;29961;29960;29960;29963;29964;29961;29965;29967;29965;29965;29962;29959;29958;29961;29959;29956;29956;29953;29955;29957;29958;29958;29959;29958;29959;29961;29965;29963;29961;29962;29965;29965;29964;29962;29962;29963;29960;29959;29963;29962;29965;29969;29967;29967;29964;29965;29968;29969;29967;29967;29969;29971;29971;29970;29970;29970;29971
0;2;9;36;98;282;788;2219;5851;13292;22294;27728;29558;30044;30153;30178;30182;30185;30186;30186;30186;30187;30188;30189;30190;30189;30191;30191;30192;30194;30193;30191;30190;30190;30187;30185;30186;30186;30188;30189;30188;30190;30188;30188;30184;30184;30184;30183;30186;30186;30184;30186;30185;30186;30186;30185;30183;30183;30183;30183;30183;30178;30181;30183;30185;30182;30183;30182;30181;30182;30181;30180;30181;30181;30179;30180;30180;30178;30180;30179;30177;30177;30179;30178;30180;30179;30181;30182;30183;30180;30180;30180;30180;30180;30179;30175;30175;30174;30173;30174;30174
0;3;6;14;43;117;327;961;2637;6753;14454;23168;27965;29481;29882;29973;29992;29994;29999;29999;29999;29998;29999;29994;29995;29996;29996;29999;29999;30000;30003;30002;30006;30009;30007;30007;30004;30006;30003;30002;30001;30000;29999;30001;29999;29999;29997;29997;29996;29999;30000;30001;30002;30002;30003;29999;29999;29998;29996;29996;29997;29997;29998;29998;29997;29995;29996;29994;29991;29993;29994;29994;29997;29996;29997;29998;29997;29996;30001;30003;30004;30006;30007;30008;30010;30011;30013;30016;30017;30015;30018;30016;30016;30018;30020;30015;30014;30013;30013;30013;30011
0;2;2;2;4;11;40;119;361;1031;2807;7112;14922;23355;27818;29309;29635;29713;29734;29734;29731;29734;29734;29733;29733;29736;29734;29734;29730;29731;29734;29730;29729;29731;29730;29730;29731;29735;29734;29734;29736;29737;29740;29741;29743;29744;29742;29744;29742;29744;29747;29748;29747;29749;29746;29747;29747;29749;29747;29749;29749;29745;29745;29746;29744;29744;29746;29749;29748;29749;29747;29748;29749;29751;29749;29750;29751;29751;29753;29754;29758;29755;29755;29752;29754;29754;29755;29755;29754;29752;29756;29755;29758;29757;29756;29756;29756;29756;29751;29753;29752
0;5;15;45;140;387;1087;3076;7662;15804;24018;28194;29457;29760;29848;29869;29871;29872;29873;29869;29868;29868;29867;29868;29870;29870;29870;29871;29870;29868;29868;29870;29865;29865;29866;29863;29864;29864;29865;29866;29864;29863;29866;29867;29863;29861;29857;29857;29863;29863;29860;29860;29862;29864;29865;29865;29868;29866;29865;29863;29864;29865;29865;29866;29865;29862;29857;29858;29859;29860;29862;29861;29860;29862;29861;29862;29863;29861;29861;29863;29863;29864;29865;29867;29868;29866;29866;29868;29868;29868;29865;29865;29867;29868;29867;29867;29865;29866;29867;29864;29866
0;2;5;14;40;117;323;883;2471;6329;13644;22382;27501;29224;29698;29804;29823;29824;29823;29823;29820;29822;29824;29821;29824;29825;29827;29830;29831;29832;29833;29833;29832;29838;29836;29831;29831;29831;29829;29829;29828;29829;29832;29828;29828;29828;29828;29826;29827;29828;29829;29828;29827;29827;29827;29826;29824;29825;29823;29823;29822;29821;29818;29820;29819;29815;29815;29812;29813;29814;29814;29816;29817;29814;29814;29815;29816;29816;29817;29822;29821;29818;29817;29819;29818;29820;29820;29823;29821;29823;29822;29825;29822;29825;29827;29830;29830;29830;29830;29831;29830
0;4;7;23;57;161;434;1253;3413;8555;17157;25081;28670;29716;29954;30011;30026;30027;30029;30028;30027;30026;30027;30028;30028;30028;30025;30023;30022;30026;30026;30025;30019;30019;30022;30018;30021;30021;30016;30020;30017;30017;30020;30019;30020;30025;30025;30022;30023;30024;30023;30023;30025;30026;30026;30027;30027;30029;30030;30028;30031;30031;30030;30032;30032;30032;30032;30034;30035;30036;30035;30034;30036;30035;30035;30034;30034;30036;30038;30040;30039;30038;30038;30033;30033;30031;30030;30029;30032;30031;30032;30032;30033;30033;30031;30029;30029;30025;30021;30022;30022
0;3;10;34;82;246;724;2062;5439;12346;21220;27182;29326;29821;29954;29979;29987;29989;29988;29988;29985;29988;29987;29985;29988;29987;29987;29992;29991;29987;29990;29993;29995;29995;29993;29990;29988;29990;29988;29992;29991;29987;29986;29984;29985;29985;29982;29983;29983;29982;29982;29983;29981;29980;29983;29985;29987;29987;29984;29980;29980;29979;29983;29985;29986;29985;29983;29981;29981;29983;29981;29982;29980;29980;29981;29985;29983;29985;29986;29987;29986;29988;29987;29986;29984;29983;29984;29986;29987;29988;29990;29990;29986;29989;29988;29988;29990;29987;29985;29989;29990
0;6;12;39;101;296;918;2648;6817;14806;23587;28358;29851;30205;30280;30298;30299;30299;30299;30300;30294;30297;30295;30297;30298;30299;30301;30302;30301;30300;30300;30298;30296;30299;30300;30299;30301;30303;30302;30302;30305;30304;30305;30307;30305;30304;30305;30304;30304;30303;30304;30304;30306;30303;30303;30300;30300;30303;30304;30307;30311;30312;30308;30310;30308;30306;30308;30311;30310;30313;30314;30315;30317;30321;30323;30326;30328;30326;30326;30325;30324;30327;30326;30323;30326;30324;30323;30326;30326;30326;30325;30326;30327;30325;30325;30322;30320;30318;30320;30321;30321
0;7;16;45;132;421;1207;3295;8167;16553;24573;28322;29472;29751;29814;29832;29836;29837;29839;29839;29839;29840;29839;29833;29837;29836;29837;29836;29836;29837;29839;29839;29834;29835;29836;29834;29834;29836;29831;29832;29833;29832;29830;29831;29833;29834;29834;29834;29834;29835;29833;29833;29833;29832;29838;29838;29836;29835;29837;29837;29837;29838;29834;29836;29836;29837;29837;29841;29838;29840;29840;29839;29842;29840;29837;29838;29835;29837;29838;29836;29839;29843;29840;29839;29841;29841;29844;29845;29846;29851;29851;29852;29850;29849;29846;29843;29843;29845;29845;29846;29846
0;2;3;5;15;41;120;351;1028;2852;7367;15466;23817;28089;29364;29687;29771;29786;29791;29794;29791;29792;29791;29790;29793;29792;29793;29794;29791;29791;29792;29793;29789;29792;29790;29786;29790;29791;29791;29791;29791;29792;29793;29790;29794;29793;29795;29797;29799;29799;29801;29802;29802;29800;29802;29803;29801;29803;29804;29799;29801;29804;29801;29802;29802;29799;29799;29799;29797;29799;29801;29799;29799;29795;29796;29798;29796;29796;29797;29794;29794;29794;29795;29791;29791;29790;29788;29786;29784;29782;29782;29781;29781;29782;29780;29779;29780;29782;29780;29776;29775
0;5;12;31;84;215;628;1783;4810;11258;20401;26839;29347;29960;30118;30153;30160;30162;30161;30158;30156;30156;30156;30155;30156;30154;30154;30154;30151;30150;30151;30150;30150;30148;30148;30148;30150;30150;30150;30150;30150;30148;30147;30145;30144;30145;30145;30144;30146;30147;30143;30144;30145;30143;30143;30143;30140;30140;30139;30139;30140;30140;30139;30141;30139;30137;30137;30139;30140;30142;30141;30140;30140;30137;30138;30138;30138;30138;30137;30136;30138;30138;30141;30139;30138;30137;30136;30139;30144;30142;30146;30144;30146;30144;30145;30145;30146;30144;30145;30146;30145
0;1;1;2;3;19;52;160;453;1269;3479;8511;17004;24684;28355;29400;29628;29694;29708;29709;29710;29711;29714;29713;29713;29714;29713;29712;29712;29709;29709;29715;29717;29716;29715;29718;29718;29715;29714;29713;29708;29708;29708;29710;29706;29706;29706;29705;29704;29707;29710;29710;29708;29710;29710;29711;29710;29713;29717;29718;29720;29720;29718;29717;29720;29718;29717;29720;29716;29717;29716;29713;29714;29715;29714;29715;29713;29709;29711;29712;29710;29710;29712;29712;29712;29712;29712;29712;29709;29710;29710;29708;29707;29708;29706;29706;29710;29712;29711;29715;29714
0;2;6;16;42;129;385;1116;3089;7903;16246;24581;28580;29778;30079;30137;30148;30155;30155;30155;30154;30155;30155;30154;30157;30156;30156;30156;30154;30153;30156;30155;30153;30156;30157;30156;30156;30156;30155;30157;30156;30152;30150;30149;30149;30149;30147;30147;30147;30149;30148;30148;30146;30144;30147;30148;30147;30148;30149;30148;30150;30152;30151;30149;30148;30145;30146;30146;30144;30145;30145;30145;30147;30147;30147;30149;30150;30151;30151;30152;30154;30155;30154;30153;30151;30149;30148;30149;30150;30150;30148;30148;30149;30151;30151;30149;30150;30153;30151;30152;30150
0;3;6;12;42;115;358;1006;2756;6965;14753;23137;27839;29340;29698;29787;29799;29798;29801;29802;29803;29803;29803;29803;29803;29800;29801;29799;29799;29797;29798;29799;29798;29801;29802;29797;29797;29796;29794;29792;29791;29785;29790;29788;29786;29786;29786;29789;29789;29789;29788;29786;29786;29785;29786;29789;29791;29793;29794;29797;29795;29797;29797;29796;29795;29798;29797;29798;29798;29799;29799;29798;29799;29797;29796;29798;29799;29799;29798;29797;29796;29796;29801;29801;29803;29801;29802;29804;29804;29805;29803;29800;29799;29802;29801;29802;29800;29801;29800;29801;29797
0;4;6;14;42;116;305;832;2322;6077;13473;22314;27553;29344;29792;29925;29957;29962;29967;29972;29972;29971;29968;29963;29963;29961;29958;29961;29964;29963;29966;29965;29966;29969;29969;29969;29969;29970;29969;29970;29972;29970;29968;29967;29969;29969;29966;29968;29967;29965;29967;29966;29966;29967;29970;29970;29968;29967;29967;29964;29962;29959;29960;29960;29961;29962;29963;29964;29963;29960;29959;29961;29962;29962;29963;29965;29969;29967;29968;29971;29971;29975;29973;29973;29972;29970;29972;29974;29971;29968;29968;29967;29965;29968;29970;29971;29971;29967;29969;29969;29965
0;4;11;40;116;348;989;2707;6905;14674;23293;27979;29496;29884;29979;30005;30007;30008;30009;30011;30012;30012;30008;30008;30007;30005;30000;30004;30002;30001;29999;29996;29997;29998;29997;29994;29995;29996;29995;30001;30001;29996;29996;29996;29997;30000;29997;29997;30000;30000;29999;29998;29999;29996;29998;29998;29995;29995;29997;29997;29998;30000;29999;29999;29998;29999;30002;30001;30002;30002;29999;30004;30007;30007;30008;30011;30007;30010;30011;30006;30004;30007;30009;30008;30009;30006;30007;30010;30010;30011;30012;30010;30009;30010;30011;30011;30011;30009;30015;30013;30012
0;5;11;27;86;252;725;2062;5431;12275;20980;26857;28983;29520;29659;29684;29694;29695;29696;29695;29696;29698;29695;29694;29695;29694;29694;29696;29697;29695;29694;29692;29694;29694;29694;29693;29696;29698;29697;29698;29697;29697;29698;29700;29696;29696;29694;29695;29697;29699;29699;29697;29696;29694;29697;29694;29693;29693;29691;29692;29690;29689;29691;29690;29690;29688;29687;29689;29689;29688;29688;29686;29685;29685;29682;29684;29686;29687;29689;29689;29690;29695;29693;29691;29691;29691;29688;29690;29686;29688;29689;29689;29688;29688;29690;29693;29694;29695;29696;29696;29696
0;3;12;29;96;287;822;2370;6236;13717;22499;27783;29508;30004;30108;30143;30139;30137;30139;30137;30136;30139;30140;30143;30146;30144;30145;30145;30147;30148;30150;30151;30149;30151;30153;30154;30157;30158;30155;30156;30159;30157;30160;30158;30153;30154;30155;30153;30160;30161;30163;30166;30165;30164;30167;30167;30171;30169;30168;30169;30169;30172;30171;30172;30173;30171;30172;30170;30170;30169;30167;30164;30166;30165;30161;30163;30166;30167;30167;30168;30168;30168;30171;30176;30177;30175;30175;30174;30171;30171;30171;30167;30164;30170;30168;30165;30168;30168;30164;30161;30160
0;2;5;16;47;135;381;1160;3220;8140;16550;24670;28661;29857;30087;30137;30150;30157;30157;30159;30159;30161;30161;30159;30161;30164;30164;30167;30167;30167;30168;30166;30167;30169;30169;30169;30171;30171;30173;30174;30170;30170;30170;30169;30167;30166;30164;30162;30162;30164;30165;30165;30165;30164;30163;30161;30162;30164;30163;30161;30165;30167;30163;30165;30163;30164;30164;30168;30166;30169;30165;30167;30169;30167;30164;30165;30166;30164;30165;30167;30167;30171;30170;30169;30169;30168;30166;30168;30169;30171;30170;30170;30173;30177;30174;30171;30171;30173;30169;30168;30169
0;3;11;26;63;171;523;1488;3999;9735;18578;25950;29017;29851;30050;30096;30111;30117;30118;30119;30119;30124;30125;30123;30126;30126;30125;30125;30125;30126;30129;30125;30122;30124;30127;30129;30133;30131;30128;30129;30129;30128;30131;30132;30132;30136;30138;30136;30135;30133;30131;30129;30123;30123;30127;30126;30127;30126;30124;30126;30125;30128;30126;30128;30129;30126;30127;30129;30129;30129;30127;30127;30126;30124;30125;30127;30125;30129;30130;30126;30123;30125;30128;30128;30129;30127;30125;30126;30124;30122;30124;30126;30123;30122;30123;30122;30122;30125;30125;30126;30123
0;2;5;15;44;131;355;1048;2893;7313;15171;23632;28129;29486;29812;29883;29903;29905;29904;29905;29904;29903;29906;29905;29906;29907;29905;29909;29910;29910;29911;29907;29907;29906;29908;29910;29912;29912;29911;29913;29917;29916;29916;29915;29915;29916;29914;29916;29921;29919;29919;29922;29919;29918;29919;29916;29917;29915;29913;29913;29914;29915;29913;29912;29911;29911;29910;29911;29912;29912;29911;29909;29907;29905;29905;29903;29901;29903;29904;29903;29905;29906;29906;29905;29906;29910;29911;29912;29914;29913;29913;29909;29909;29909;29904;29904;29905;29901;29900;29902;29900
0;3;12;47;122;365;1084;3034;7639;15826;24083;28242;29506;29798;29867;29879;29879;29879;29880;29882;29888;29889;29887;29887;29890;29888;29889;29888;29887;29889;29889;29889;29889;29889;29890;29890;29890;29891;29889;29890;29889;29891;29890;29891;29891;29894;29894;29896;29897;29892;29892;29891;29892;29889;29888;29889;29890;29890;29892;29894;29896;29892;29893;29892;29890;29890;29888;29889;29886;29891;29892;29893;29894;29896;29897;29899;29901;29900;29901;29902;29900;29901;29902;29900;29901;29897;29896;29897;29896;29897;29896;29895;29896;29897;29896;29896;29896;29901;29900;29900;29901
0;1;5;15;49;135;388;1140;3170;7992;16354;24469;28448;29573;29834;29906;29927;29928;29930;29928;29925;29926;29926;29925;29927;29925;29929;29930;29926;29924;29925;29926;29927;29926;29926;29927;29927;29927;29929;29931;29933;29935;29935;29936;29936;29936;29937;29936;29938;29935;29936;29938;29938;29936;29938;29941;29939;29940;29941;29942;29941;29939;29937;29939;29944;29943;29945;29943;29944;29945;29946;29946;29947;29948;29949;29950;29953;29955;29958;29955;29957;29957;29958;29959;29959;29958;29960;29961;29964;29964;29964;29965;29962;29963;29963;29962;29961;29960;29958;29959;29957
0;1;3;8;22;58;179;504;1486;4043;9818;18857;26030;29061;29910;30125;30174;30176;30176;30175;30176;30176;30175;30174;30175;30177;30178;30177;30176;30176;30176;30173;30176;30175;30176;30174;30173;30170;30168;30170;30173;30171;30171;30171;30169;30171;30170;30172;30170;30166;30168;30169;30171;30169;30170;30171;30170;30171;30173;30173;30174;30176;30171;30171;30170;30172;30174;30176;30177;30175;30175;30174;30178;30176;30178;30176;30180;30180;30180;30178;30176;30178;30180;30175;30174;30172;30175;30176;30175;30177;30176;30178;30174;30175;30174;30174;30173;30173;30175;30173;30172
0;1;1;2;7;16;52;146;423;1230;3401;8506;16952;24703;28379;29461;29744;29810;29828;29833;29835;29834;29833;29832;29834;29834;29832;29833;29836;29835;29835;29832;29830;29830;29829;29829;29827;29826;29828;29828;29827;29825;29826;29826;29829;29829;29832;29831;29830;29828;29828;29828;29833;29831;29831;29829;29830;29827;29829;29829;29830;29831;29829;29829;29829;29831;29829;29828;29826;29829;29828;29829;29829;29826;29827;29830;29831;29831;29830;29830;29830;29828;29827;29826;29825;29824;29824;29826;29825;29823;29824;29823;29822;29822;29825;29825;29824;29823;29821;29817;29818
0;1;4;11;26;94;257;722;2007;5390;12450;21391;27268;29331;29932;30050;30081;30089;30090;30090;30089;30090;30090;30089;30090;30089;30091;30091;30093;30096;30097;30098;30100;30100;30099;30098;30096;30096;30096;30096;30095;30095;30096;30099;30102;30104;30103;30100;30101;30099;30099;30101;30099;30102;30104;30103;30101;30104;30103;30100;30101;30102;30102;30103;30105;30104;30106;30103;30101;30103;30100;30100;30104;30102;30098;30099;30100;30097;30095;30095;30093;30091;30090;30086;30086;30086;30085;30087;30085;30085;30085;30087;30083;30083;30080;30077;30076;30077;30074;30077;30078
0;1;2;10;37;115;328;974;2713;6985;14893;23403;28036;29531;29914;29986;30007;30011;30016;30016;30018;30019;30015;30012;30015;30014;30013;30016;30015;30013;30016;30014;30012;30012;30009;30009;30007;30009;30009;30012;30011;30011;30012;30007;30007;30006;30007;30009;30008;30008;30007;30008;30006;30004;30005;30004;30003;30002;30001;29999;29999;29997;29997;29999;29997;29998;29998;29996;29994;29995;29992;29992;29994;29999;29997;29997;29998;29999;30000;30001;29999;29997;30001;29999;30001;29999;30002;30004;30003;30000;30002;30002;30002;30000;29999;30000;30003;30001;29997;29997;29997
0;1;3;15;52;157;462;1364;3670;8884;17498;25213;28725;29711;29936;30000;30002;30004;30008;30009;30007;30008;30011;30009;30010;30007;30010;30010;30009;30011;30013;30011;30010;30010;30010;30010;30010;30010;30010;30009;30011;30011;30011;30009;30008;30008;30009;30011;30011;30009;30008;30010;30007;30009;30011;30009;30009;30007;30006;30008;30008;30011;30014;30013;30011;30010;30013;30011;30011;30011;30009;30008;30009;30006;30011;30011;30009;30007;30005;30007;30009;30008;30005;30004;30004;30002;30005;30005;30004;30004;30004;30000;29999;29998;29996;29995;29996;29997;29994;29993;29992
0;2;6;19;52;151;409;1173;3230;8272;16881;25097;28995;30111;30360;30413;30430;30428;30431;30432;30431;30430;30426;30428;30428;30428;30430;30430;30431;30433;30432;30434;30436;30437;30436;30434;30434;30436;30435;30436;30435;30434;30434;30432;30431;30433;30433;30432;30434;30432;30435;30434;30436;30439;30441;30440;30439;30439;30439;30442;30446;30444;30444;30443;30443;30444;30446;30448;30450;30451;30449;30449;30447;30443;30442;30444;30446;30444;30444;30443;30443;30446;30444;30444;30443;30444;30443;30442;30444;30441;30441;30443;30442;30443;30441;30441;30441;30439;30441;30443;30442
0;3;9;18;48;144;386;1086;2929;7351;15386;23754;28119;29533;29863;29946;29960;29963;29963;29966;29965;29968;29968;29968;29972;29974;29976;29974;29976;29979;29979;29978;29977;29978;29976;29972;29973;29971;29971;29971;29969;29969;29970;29966;29966;29968;29966;29967;29967;29965;29968;29970;29970;29972;29974;29973;29975;29977;29979;29978;29979;29979;29982;29982;29982;29984;29984;29984;29987;29986;29987;29990;29992;29991;29987;29987;29990;29992;29992;29991;29991;29994;29995;29996;29997;29998;29998;29999;29999;30001;30004;30001;29999;30003;30002;30001;30000;30001;30000;30000;30002
0;1;2;3;10;26;73;206;614;1709;4656;10821;19665;26314;28857;29546;29716;29744;29749;29748;29748;29750;29752;29751;29752;29751;29752;29749;29744;29745;29745;29742;29742;29745;29747;29745;29744;29745;29745;29745;29745;29739;29742;29742;29742;29744;29745;29747;29750;29750;29749;29750;29746;29750;29746;29750;29748;29748;29749;29748;29750;29746;29744;29745;29745;29747;29749;29748;29750;29751;29752;29752;29755;29756;29754;29756;29754;29753;29751;29751;29747;29748;29747;29744;29745;29741;29742;29741;29741;29740;29742;29743;29740;29743;29744;29744;29746;29749;29747;29750;29751
0;2;7;15;49;119;343;996;2787;7106;15041;23562;28012;29397;29758;29827;29847;29848;29849;29851;29850;29851;29851;29851;29853;29851;29850;29851;29848;29848;29849;29849;29847;29847;29851;29847;29849;29849;29850;29855;29854;29851;29847;29847;29847;29848;29847;29848;29846;29847;29849;29852;29852;29852;29855;29856;29852;29854;29853;29853;29856;29856;29853;29851;29850;29852;29851;29851;29849;29850;29851;29849;29851;29848;29844;29846;29845;29848;29850;29850;29849;29849;29847;29847;29848;29851;29847;29847;29851;29851;29853;29855;29854;29853;29852;29851;29852;29851;29850;29853;29848
0;1;1;3;9;26;74;213;608;1776;4776;11189;20092;26615;29104;29739;29865;29894;29900;29899;29901;29905;29905;29909;29907;29908;29905;29906;29906;29905;29906;29907;29903;29907;29907;29904;29905;29907;29903;29903;29902;29902;29903;29904;29906;29908;29911;29908;29911;29912;29913;29912;29915;29919;29921;29923;29921;29920;29919;29918;29919;29919;29916;29913;29914;29912;29913;29909;29909;29910;29911;29911;29914;29909;29908;29904;29897;29896;29897;29897;29901;29901;29901;29900;29903;29909;29911;29912;29913;29909;29910;29910;29911;29910;29910;29909;29910;29908;29908;29910;29909
0;2;7;31;91;255;701;1955;5207;12029;20990;27022;29173;29740;29860;29897;29906;29907;29910;29911;29909;29909;29907;29908;29909;29911;29912;29917;29917;29917;29917;29916;29916;29918;29921;29918;29918;29918;29920;29921;29923;29921;29920;29920;29922;29925;29927;29927;29927;29931;29932;29932;29935;29933;29931;29931;29930;29930;29929;29928;29931;29933;29931;29931;29932;29933;29932;29929;29926;29929;29929;29929;29932;29933;29932;29934;29931;29932;29934;29932;29930;29930;29929;29931;29932;29932;29928;29930;29931;29930;29931;29931;29932;29930;29932;29930;29930;29930;29928;29929;29931
0;2;5;14;39;104;301;842;2396;6177;13542;22327;27598;29382;29798;29909;29927;29938;29939;29939;29935;29936;29935;29937;29937;29934;29938;29940;29942;29941;29943;29943;29941;29940;29942;29945;29949;29947;29948;29950;29949;29948;29949;29950;29947;29951;29950;29948;29947;29947;29947;29949;29952;29953;29953;29954;29953;29954;29958;29956;29955;29952;29950;29947;29949;29948;29947;29945;29944;29942;29945;29947;29946;29946;29943;29943;29942;29940;29941;29939;29938;29939;29939;29939;29942;29942;29942;29946;29945;29942;29945;29951;29951;29951;29953;29953;29955;29955;29956;29958;29955
0;4;13;33;87;260;722;2015;5406;12262;20983;27018;29136;29670;29787;29822;29825;29827;29827;29826;29823;29827;29825;29831;29833;29832;29831;29833;29831;29829;29827;29824;29821;29821;29823;29822;29824;29824;29824;29823;29823;29824;29823;29822;29823;29825;29824;29824;29823;29824;29827;29827;29826;29827;29828;29827;29828;29832;29831;29834;29835;29830;29829;29830;29828;29827;29829;29831;29833;29834;29835;29836;29836;29837;29836;29836;29836;29836;29839;29837;29836;29837;29835;29831;29831;29831;29831;29832;29834;29832;29834;29833;29831;29834;29834;29834;29836;29832;29833;29833;29832
0;2;5;13;34;82;251;718;2050;5434;12182;20984;26774;28900;29474;29584;29604;29613;29616;29613;29614;29614;29616;29618;29618;29623;29626;29626;29628;29627;29627;29628;29628;29629;29629;29629;29631;29631;29627;29629;29630;29630;29634;29634;29633;29636;29633;29630;29632;29632;29626;29628;29628;29623;29626;29626;29627;29626;29628;29625;29624;29622;29620;29621;29620;29619;29617;29615;29615;29615;29614;29610;29612;29610;29607;29609;29608;29609;29609;29610;29607;29605;29603;29601;29601;29600;29601;29600;29594;29593;29595;29597;29597;29598;29597;29597;29595;29593;29595;29597;29596
0;3;8;26;70;211;574;1629;4495;10647;19598;26202;28925;29650;29832;29870;29884;29883;29887;29889;29888;29889;29886;29884;29883;29881;29878;29882;29881;29880;29879;29882;29879;29881;29882;29883;29884;29880;29879;29880;29881;29883;29886;29886;29888;29889;29888;29887;29887;29886;29884;29887;29883;29884;29883;29879;29878;29876;29877;29876;29877;29878;29878;29878;29871;29866;29869;29865;29863;29865;29863;29866;29865;29866;29866;29867;29867;29865;29863;29859;29858;29859;29859;29859;29860;29858;29856;29859;29860;29862;29862;29859;29862;29862;29865;29865;29869;29868;29868;29867;29865
0;3;11;26;76;235;716;2035;5338;12158;21228;27136;29208;29777;29893;29920;29927;29931;29934;29929;29929;29927;29929;29928;29929;29929;29924;29926;29924;29927;29928;29927;29923;29923;29922;29917;29916;29915;29915;29916;29914;29914;29913;29910;29905;29907;29903;29899;29905;29908;29905;29906;29904;29902;29903;29901;29899;29903;29903;29898;29900;29900;29902;29902;29902;29900;29899;29896;29896;29896;29895;29895;29897;29897;29899;29898;29899;29899;29899;29898;29898;29899;29900;29898;29898;29895;29893;29892;29890;29889;29888;29889;29890;29891;29890;29890;29894;29891;29890;29893;29888
0;5;12;36;96;287;809;2214;5783;12978;21991;27463;29455;29962;30056;30082;30085;30084;30086;30088;30084;30081;30079;30081;30083;30082;30078;30078;30080;30084;30088;30090;30087;30087;30085;30086;30087;30089;30085;30085;30084;30083;30083;30082;30081;30082;30079;30079;30078;30082;30080;30082;30082;30080;30081;30081;30079;30083;30081;30080;30080;30079;30079;30078;30071;30071;30069;30068;30067;30066;30065;30065;30066;30062;30065;30067;30068;30068;30066;30063;30064;30064;30064;30063;30064;30062;30061;30062;30060;30058;30061;30061;30059;30059;30058;30055;30056;30053;30054;30054;30049
0;4;12;34;92;261;781;2244;5860;13186;22170;27589;29507;29984;30102;30130;30139;30138;30138;30138;30136;30136;30133;30136;30139;30137;30134;30135;30135;30136;30138;30137;30137;30137;30137;30138;30138;30136;30137;30140;30140;30140;30141;30143;30143;30143;30142;30144;30145;30143;30143;30144;30141;30139;30142;30139;30134;30138;30137;30137;30138;30134;30134;30132;30130;30131;30132;30130;30130;30129;30130;30131;30131;30131;30125;30127;30127;30126;30128;30125;30125;30127;30128;30128;30128;30127;30129;30129;30128;30127;30127;30128;30129;30133;30133;30130;30132;30129;30127;30129;30128
0;2;6;19;49;148;395;1087;2982;7646;15668;23854;28020;29273;29582;29658;29681;29689;29689;29689;29689;29692;29693;29692;29695;29696;29692;29691;29690;29692;29692;29694;29693;29692;29691;29692;29692;29695;29696;29696;29699;29698;29700;29697;29698;29699;29698;29698;29698;29697;29697;29697;29696;29693;29695;29694;29688;29686;29686;29682;29680;29680;29678;29681;29682;29681;29680;29677;29679;29681;29681;29676;29676;29674;29675;29678;29678;29678;29681;29680;29676;29678;29676;29673;29673;29674;29673;29672;29672;29671;29672;29669;29667;29668;29665;29663;29661;29661;29660;29663;29660
0;2;6;19;58;172;517;1513;4126;9957;18874;26079;29034;29869;30041;30079;30090;30089;30094;30090;30088;30088;30090;30091;30091;30090;30088;30091;30088;30085;30088;30091;30090;30093;30091;30092;30092;30090;30089;30089;30088;30088;30092;30091;30090;30091;30089;30089;30090;30088;30087;30090;30088;30088;30089;30094;30091;30093;30091;30090;30092;30093;30090;30090;30088;30089;30089;30090;30092;30091;30090;30089;30088;30089;30090;30090;30089;30088;30087;30089;30089;30090;30089;30090;30089;30090;30089;30090;30089;30088;30089;30088;30089;30088;30086;30086;30086;30083;30083;30084;30085
0;1;2;5;14;50;156;444;1186;3282;8176;16671;24678;28457;29563;29807;29870;29882;29886;29886;29889;29888;29886;29883;29882;29883;29880;29883;29880;29876;29877;29878;29879;29881;29881;29880;29881;29881;29882;29883;29882;29882;29885;29884;29884;29883;29883;29882;29883;29882;29882;29878;29877;29876;29877;29877;29875;29878;29875;29877;29875;29879;29875;29877;29879;29878;29880;29880;29877;29876;29873;29877;29878;29876;29871;29872;29873;29867;29867;29867;29866;29867;29871;29871;29870;29871;29870;29870;29869;29866;29866;29867;29869;29868;29868;29868;29868;29866;29860;29859;29859
0;4;7;27;66;201;634;1791;4849;11433;20459;26694;29120;29761;29899;29932;29941;29941;29941;29943;29943;29943;29945;29944;29946;29941;29938;29938;29941;29941;29946;29949;29945;29946;29945;29944;29942;29944;29943;29944;29943;29943;29944;29941;29944;29945;29943;29941;29942;29942;29940;29941;29941;29940;29941;29940;29941;29943;29943;29943;29942;29943;29946;29944;29948;29948;29952;29953;29953;29951;29952;29947;29949;29948;29949;29948;29944;29943;29942;29942;29944;29946;29945;29944;29946;29946;29943;29944;29945;29947;29949;29948;29948;29945;29945;29943;29944;29944;29943;29941;29942
0;2;5;24;67;204;619;1788;4715;11058;20047;26666;29174;29853;30036;30081;30085;30085;30088;30092;30091;30090;30087;30085;30085;30085;30084;30084;30085;30086;30087;30087;30089;30093;30091;30093;30095;30098;30093;30092;30094;30096;30097;30095;30098;30100;30096;30095;30096;30099;30096;30097;30098;30102;30104;30104;30105;30108;30107;30108;30108;30108;30104;30103;30102;30103;30105;30107;30106;30106;30108;30108;30108;30103;30101;30101;30100;30100;30102;30101;30099;30100;30097;30095;30095;30095;30097;30098;30097;30098;30099;30099;30097;30098;30096;30097;30096;30095;30098;30096;30097
0;5;16;50;164;456;1263;3416;8505;17019;24929;28633;29789;30025;30077;30088;30087;30088;30089;30090;30089;30090;30089;30089;30089;30088;30087;30090;30091;30089;30087;30087;30084;30086;30085;30082;30084;30082;30078;30079;30081;30080;30083;30079;30077;30078;30077;30077;30077;30074;30074;30077;30079;30079;30078;30082;30081;30083;30081;30080;30080;30078;30080;30079;30075;30073;30075;30075;30073;30074;30073;30069;30069;30067;30067;30067;30066;30068;30071;30070;30070;30073;30074;30073;30071;30071;30068;30068;30071;30069;30070;30069;30069;30070;30069;30071;30072;30070;30070;30069;30067
0;3;5;12;27;83;256;756;2065;5580;12606;21564;27420;29429;29909;30023;30050;30057;30060;30062;30062;30065;30064;30066;30067;30067;30067;30067;30066;30065;30064;30063;30062;30062;30065;30069;30071;30072;30073;30070;30071;30074;30075;30076;30074;30077;30077;30076;30077;30079;30080;30079;30076;30076;30078;30079;30075;30078;30076;30077;30078;30080;30077;30075;30072;30071;30073;30073;30073;30072;30076;30074;30073;30076;30075;30075;30074;30073;30074;30072;30070;30067;30068;30071;30072;30071;30072;30073;30072;30070;30069;30070;30067;30068;30067;30066;30067;30062;30061;30064;30064
0;1;2;10;39;108;309;868;2392;6250;13745;22715;27933;29647;30082;30178;30198;30203;30207;30209;30209;30209;30208;30207;30208;30209;30207;30207;30207;30207;30209;30210;30209;30216;30213;30215;30213;30213;30209;30212;30210;30211;30211;30211;30213;30213;30216;30210;30209;30210;30210;30209;30213;30212;30213;30218;30215;30216;30213;30210;30210;30209;30213;30216;30217;30219;30219;30219;30219;30221;30218;30218;30220;30218;30216;30219;30218;30220;30221;30222;30222;30221;30218;30219;30216;30217;30214;30213;30214;30211;30213;30212;30210;30211;30210;30211;30210;30212;30212;30214;30216
0;2;4;19;44;125;369;1050;2954;7331;15416;23772;28133;29465;29810;29886;29906;29908;29908;29908;29907;29908;29907;29908;29910;29910;29907;29909;29907;29907;29908;29911;29914;29916;29915;29914;29914;29912;29909;29910;29911;29908;29913;29912;29913;29912;29914;29916;29917;29917;29917;29918;29915;29914;29916;29916;29917;29917;29919;29920;29920;29917;29915;29916;29914;29918;29919;29919;29915;29916;29916;29916;29920;29916;29917;29918;29916;29917;29918;29922;29921;29921;29921;29919;29920;29919;29922;29922;29919;29918;29920;29920;29921;29923;29920;29920;29921;29921;29922;29922;29923
0;2;6;13;31;90;248;741;2098;5586;12551;21460;27270;29312;29829;29943;29970;29974;29975;29975;29971;29972;29971;29971;29973;29975;29977;29978;29981;29981;29981;29983;29982;29982;29980;29978;29977;29979;29977;29977;29977;29979;29981;29980;29979;29982;29981;29982;29982;29981;29980;29981;29984;29982;29983;29983;29982;29982;29984;29985;29986;29985;29984;29983;29983;29983;29982;29980;29977;29979;29976;29973;29974;29972;29972;29974;29972;29968;29969;29969;29968;29971;29972;29974;29976;29978;29980;29982;29978;29979;29979;29979;29981;29979;29975;29975;29974;29972;29972;29971;29975
0;4;13;35;100;304;850;2403;6314;14025;22716;27806;29416;29845;29920;29941;29946;29950;29951;29950;29952;29952;29954;29953;29953;29952;29950;29951;29950;29952;29952;29952;29950;29949;29950;29952;29952;29953;29955;29955;29952;29953;29951;29948;29947;29946;29947;29946;29950;29946;29946;29945;29946;29947;29946;29948;29949;29953;29952;29950;29952;29954;29953;29954;29954;29953;29956;29953;29951;29949;29947;29948;29946;29946;29946;29948;29944;29942;29944;29942;29939;29940;29941;29941;29940;29940;29940;29942;29941;29942;29944;29943;29939;29940;29940;29941;29939;29939;29936;29936;29938
0;3;6;17;51;138;385;1087;3003;7511;15386;23664;27947;29318;29668;29742;29751;29751;29754;29754;29753;29755;29752;29756;29758;29761;29760;29760;29758;29758;29761;29762;29763;29762;29763;29764;29762;29762;29761;29760;29760;29755;29757;29759;29758;29757;29754;29756;29754;29753;29754;29754;29753;29750;29750;29749;29748;29748;29747;29749;29750;29752;29751;29752;29752;29751;29755;29756;29754;29755;29752;29754;29754;29757;29755;29754;29758;29756;29756;29758;29758;29760;29759;29758;29759;29762;29762;29763;29763;29765;29768;29769;29764;29762;29764;29764;29764;29764;29765;29765;29764
0;3;11;35;96;290;796;2206;5790;12861;21606;27134;29062;29543;29684;29714;29721;29719;29720;29717;29717;29718;29718;29718;29718;29715;29714;29714;29713;29710;29711;29712;29715;29718;29718;29715;29718;29718;29718;29718;29717;29717;29714;29709;29708;29708;29705;29703;29703;29705;29708;29705;29708;29709;29708;29711;29714;29715;29713;29711;29713;29714;29714;29717;29717;29718;29718;29716;29714;29713;29712;29713;29712;29711;29707;29709;29707;29706;29707;29707;29710;29708;29708;29710;29712;29712;29711;29714;29714;29715;29716;29714;29715;29715;29716;29717;29717;29715;29717;29722;29722
0;2;6;14;42;127;377;1040;2913;7415;15604;23943;28272;29555;29860;29948;29963;29969;29971;29971;29971;29970;29968;29967;29967;29969;29969;29971;29969;29970;29970;29968;29964;29966;29968;29969;29969;29970;29968;29968;29969;29969;29972;29970;29971;29969;29972;29970;29970;29969;29968;29970;29970;29969;29970;29971;29969;29969;29970;29970;29972;29971;29971;29972;29971;29970;29968;29970;29968;29969;29968;29967;29969;29968;29966;29969;29969;29962;29961;29963;29961;29959;29955;29950;29951;29954;29951;29950;29950;29944;29946;29947;29949;29951;29952;29952;29952;29952;29953;29954;29956
0;4;10;29;87;244;705;1953;5241;12000;21109;27086;29390;29971;30088;30115;30118;30117;30119;30120;30118;30121;30119;30118;30118;30119;30121;30124;30125;30125;30125;30124;30126;30126;30128;30126;30129;30127;30124;30126;30125;30117;30120;30119;30120;30121;30117;30118;30121;30120;30119;30121;30128;30128;30127;30127;30127;30128;30128;30127;30125;30125;30121;30121;30120;30121;30122;30122;30119;30120;30124;30123;30123;30121;30121;30119;30122;30120;30121;30121;30121;30122;30119;30118;30118;30117;30118;30119;30117;30116;30114;30112;30109;30110;30107;30107;30107;30106;30102;30103;30100
0;5;14;52;158;459;1359;3766;9232;17993;25542;28773;29681;29934;29981;29994;29997;29998;29996;29997;29996;29999;29998;29995;29997;29997;29997;29998;29998;29999;30000;30002;29999;30000;29998;29999;30002;30003;30003;30001;30002;30003;30003;30002;30000;29997;30001;30000;30001;30003;29997;29997;29996;29994;29998;29996;29996;29997;29996;29996;29993;29990;29990;29991;29991;29988;29987;29986;29986;29985;29985;29984;29988;29988;29988;29990;29988;29985;29983;29982;29981;29978;29978;29975;29976;29976;29979;29979;29979;29980;29979;29977;29977;29979;29979;29978;29979;29982;29982;29983;29983
0;1;2;7;24;68;180;529;1526;4093;9729;18547;25762;28724;29535;29760;29811;29823;29823;29819;29820;29822;29819;29821;29818;29819;29818;29817;29816;29813;29816;29815;29815;29815;29814;29814;29814;29813;29814;29816;29813;29812;29811;29810;29810;29812;29812;29811;29813;29814;29814;29815;29813;29812;29811;29811;29811;29811;29811;29813;29814;29812;29812;29814;29813;29811;29812;29809;29807;29809;29808;29808;29807;29803;29805;29807;29807;29805;29806;29805;29803;29805;29807;29810;29808;29809;29812;29812;29812;29811;29812;29813;29813;29815;29814;29815;29815;29819;29819;29821;29819
0;2;8;26;70;196;587;1662;4473;10527;19429;26163;28794;29516;29670;29721;29729;29727;29728;29728;29729;29730;29725;29726;29728;29729;29731;29734;29734;29733;29735;29736;29736;29737;29736;29735;29734;29733;29733;29732;29736;29735;29737;29737;29737;29739;29741;29742;29741;29739;29737;29738;29738;29736;29737;29737;29737;29737;29735;29738;29738;29736;29734;29735;29737;29738;29738;29740;29742;29742;29741;29740;29739;29738;29743;29741;29741;29741;29741;29738;29735;29739;29739;29739;29742;29742;29741;29741;29738;29736;29736;29737;29734;29734;29734;29732;29733;29729;29727;29727;29726
0;3;13;30;90;281;836;2352;6075;13479;22375;27803;29548;29976;30092;30105;30110;30108;30110;30110;30109;30111;30112;30115;30114;30114;30112;30115;30113;30114;30115;30118;30119;30119;30120;30117;30120;30121;30119;30121;30120;30119;30123;30121;30121;30120;30118;30117;30117;30119;30117;30116;30114;30115;30115;30111;30111;30113;30112;30110;30110;30109;30109;30110;30109;30104;30107;30107;30106;30108;30112;30111;30113;30114;30115;30117;30117;30114;30114;30115;30117;30117;30119;30120;30122;30120;30120;30122;30121;30120;30120;30120;30120;30119;30122;30121;30120;30121;30123;30125;30123
0;2;10;30;84;248;717;2037;5417;12323;21336;27160;29326;29855;29997;30027;30031;30034;30036;30038;30036;30035;30035;30035;30036;30036;30037;30034;30036;30039;30040;30038;30038;30039;30041;30040;30041;30044;30045;30045;30045;30043;30043;30050;30050;30052;30053;30051;30051;30046;30046;30046;30045;30044;30046;30047;30045;30044;30043;30041;30045;30043;30040;30040;30038;30036;30034;30036;30037;30036;30034;30034;30036;30034;30033;30035;30036;30035;30037;30034;30038;30038;30037;30039;30039;30037;30039;30043;30042;30044;30045;30045;30044;30045;30044;30046;30045;30046;30052;30054;30054
0;4;13;44;121;348;987;2797;7177;15199;23752;28310;29649;29972;30043;30068;30070;30071;30074;30075;30074;30074;30074;30070;30069;30071;30071;30073;30075;30076;30076;30081;30081;30082;30082;30079;30078;30075;30074;30071;30071;30070;30070;30070;30072;30075;30075;30076;30078;30077;30078;30078;30077;30077;30076;30080;30075;30076;30074;30074;30075;30074;30070;30071;30067;30068;30068;30067;30065;30065;30066;30069;30068;30073;30069;30069;30069;30070;30071;30070;30067;30070;30070;30068;30067;30064;30063;30064;30064;30069;30067;30068;30067;30066;30065;30066;30065;30067;30063;30063;30061
0;4;18;61;156;448;1260;3486;8610;17330;25024;28609;29670;29912;29961;29976;29977;29976;29979;29978;29980;29981;29978;29977;29976;29976;29978;29976;29978;29978;29978;29979;29977;29979;29979;29976;29976;29976;29976;29977;29979;29979;29978;29979;29980;29981;29978;29977;29976;29975;29974;29976;29977;29979;29985;29988;29988;29990;29988;29988;29987;29987;29985;29987;29986;29985;29985;29984;29986;29988;29988;29988;29989;29993;29995;29997;29995;29996;29997;30000;30000;30002;30000;30000;30001;29999;30000;29998;29997;29997;29997;29996;29994;29991;29990;29991;29993;29994;29996;29999;29996
0;2;6;22;63;179;546;1557;4204;10087;18998;25994;28913;29707;29932;29978;29989;29990;29990;29989;29989;29990;29990;29988;29988;29990;29993;29995;29995;29994;29995;29993;29996;29996;29995;29994;29995;29996;29990;29991;29989;29986;29986;29984;29984;29983;29981;29982;29982;29981;29980;29980;29980;29980;29980;29980;29981;29982;29982;29980;29980;29980;29979;29979;29980;29981;29981;29983;29985;29985;29985;29983;29982;29980;29981;29980;29978;29979;29980;29980;29980;29980;29982;29982;29984;29986;29983;29986;29984;29980;29981;29982;29981;29984;29985;29984;29984;29983;29984;29986;29984
0;2;8;24;85;252;721;1996;5290;12072;21039;27088;29234;29768;29910;29934;29936;29942;29940;29938;29939;29939;29935;29936;29937;29939;29938;29937;29937;29936;29935;29933;29933;29935;29934;29935;29936;29934;29933;29937;29939;29937;29938;29938;29939;29938;29938;29936;29937;29934;29934;29934;29931;29933;29932;29931;29931;29931;29928;29930;29931;29925;29925;29927;29927;29928;29931;29930;29930;29930;29929;29930;29931;29933;29932;29933;29929;29928;29928;29927;29927;29930;29932;29936;29935;29933;29931;29932;29933;29933;29933;29931;29931;29934;29933;29935;29936;29938;29937;29938;29938
0;1;1;2;5;14;32;104;320;929;2566;6673;14578;23355;28186;29726;30094;30177;30197;30199;30202;30201;30201;30199;30197;30200;30202;30203;30202;30203;30205;30203;30198;30200;30201;30200;30201;30202;30201;30202;30202;30199;30200;30201;30200;30199;30199;30199;30199;30201;30200;30200;30205;30204;30204;30205;30206;30204;30207;30205;30207;30205;30208;30211;30213;30213;30212;30210;30209;30210;30207;30205;30206;30206;30201;30204;30204;30206;30209;30208;30206;30208;30208;30207;30208;30208;30207;30208;30211;30213;30213;30215;30216;30218;30219;30219;30223;30222;30222;30220;30217
0;1;4;14;37;119;331;941;2555;6561;14300;22921;27781;29305;29695;29790;29817;29824;29824;29821;29820;29822;29822;29822;29823;29823;29822;29822;29819;29819;29820;29820;29819;29820;29820;29819;29819;29819;29818;29819;29817;29820;29821;29823;29820;29818;29821;29820;29820;29821;29821;29821;29820;29820;29821;29820;29820;29824;29823;29823;29823;29821;29818;29820;29822;29821;29824;29823;29824;29828;29826;29829;29831;29832;29834;29836;29835;29834;29837;29838;29840;29840;29837;29831;29831;29830;29827;29827;29829;29829;29828;29829;29829;29828;29827;29830;29829;29826;29824;29827;29830
0;1;2;8;30;87;248;707;1973;5231;11975;21012;27193;29384;29942;30059;30085;30090;30095;30099;30097;30100;30098;30097;30096;30097;30098;30098;30100;30103;30102;30103;30105;30106;30106;30104;30105;30106;30107;30106;30109;30110;30111;30114;30112;30112;30111;30108;30111;30110;30111;30110;30109;30109;30110;30109;30106;30109;30107;30110;30112;30113;30112;30114;30113;30115;30116;30113;30114;30111;30110;30114;30114;30114;30113;30112;30113;30113;30114;30116;30114;30111;30112;30111;30113;30115;30114;30115;30116;30115;30118;30119;30118;30120;30118;30118;30117;30118;30119;30117;30117
0;5;10;32;100;309;926;2630;6742;14519;23000;27835;29364;29756;29840;29861;29860;29860;29863;29863;29863;29863;29866;29864;29865;29865;29866;29866;29864;29860;29858;29859;29860;29860;29859;29860;29861;29859;29856;29855;29853;29853;29852;29853;29851;29851;29851;29850;29851;29851;29852;29855;29853;29852;29854;29851;29851;29852;29854;29851;29855;29856;29854;29854;29852;29851;29852;29852;29852;29852;29851;29854;29855;29855;29856;29856;29853;29851;29853;29854;29849;29851;29854;29856;29855;29854;29853;29852;29856;29856;29858;29857;29857;29859;29861;29861;29863;29861;29862;29860;29860
0;6;16;45;124;370;1098;2927;7374;15314;23640;27993;29372;29685;29765;29781;29787;29788;29789;29788;29789;29789;29792;29790;29787;29788;29788;29789;29790;29785;29788;29789;29790;29790;29788;29789;29794;29791;29793;29794;29793;29792;29791;29791;29788;29787;29787;29789;29788;29792;29791;29792;29791;29791;29791;29788;29788;29787;29787;29787;29788;29784;29786;29787;29786;29788;29786;29784;29782;29781;29782;29781;29781;29780;29779;29779;29780;29780;29779;29779;29779;29780;29781;29783;29784;29781;29781;29783;29785;29780;29781;29781;29781;29781;29781;29778;29780;29781;29781;29785;29782
0;3;9;25;78;220;627;1743;4594;10745;19589;26329;28959;29636;29791;29835;29836;29841;29843;29844;29845;29841;29840;29838;29838;29840;29842;29842;29841;29842;29842;29838;29839;29838;29838;29839;29842;29842;29843;29845;29844;29845;29846;29847;29846;29848;29846;29845;29844;29844;29845;29844;29843;29845;29842;29840;29837;29836;29835;29834;29837;29835;29838;29840;29841;29841;29840;29841;29838;29840;29840;29837;29838;29838;29842;29842;29841;29837;29838;29834;29832;29829;29832;29829;29831;29831;29828;29829;29832;29832;29833;29833;29832;29833;29834;29831;29832;29833;29835;29837;29839
0;3;9;27;79;240;729;1992;5230;12022;20872;26970;29186;29761;29877;29907;29911;29912;29914;29914;29913;29916;29918;29917;29918;29915;29914;29918;29919;29919;29920;29920;29919;29919;29920;29917;29917;29915;29918;29920;29921;29920;29921;29918;29918;29919;29916;29916;29918;29917;29912;29912;29913;29909;29908;29905;29909;29910;29906;29905;29906;29908;29908;29910;29911;29909;29911;29910;29911;29909;29910;29910;29914;29915;29915;29918;29917;29915;29915;29916;29915;29914;29913;29913;29915;29912;29910;29911;29912;29913;29914;29915;29915;29913;29917;29917;29919;29919;29919;29919;29921
0;3;8;24;63;175;514;1449;4002;9670;18405;25660;28792;29658;29864;29909;29916;29919;29919;29918;29919;29920;29920;29923;29923;29921;29926;29925;29924;29926;29928;29928;29928;29929;29927;29930;29931;29934;29931;29930;29930;29929;29931;29928;29931;29930;29935;29934;29934;29935;29934;29934;29935;29935;29936;29934;29931;29934;29935;29933;29931;29931;29926;29927;29927;29928;29927;29925;29926;29926;29929;29931;29930;29930;29931;29931;29929;29928;29934;29936;29934;29935;29932;29932;29930;29930;29928;29930;29932;29931;29934;29931;29933;29934;29935;29933;29935;29937;29934;29934;29933
0;3;13;38;94;259;710;1982;5165;11761;20683;26771;29072;29696;29834;29875;29884;29886;29885;29886;29885;29883;29880;29878;29879;29879;29881;29881;29879;29879;29882;29883;29881;29881;29880;29875;29880;29879;29881;29881;29881;29882;29881;29881;29882;29882;29880;29880;29882;29882;29883;29884;29878;29873;29875;29873;29873;29873;29875;29874;29874;29874;29875;29877;29876;29875;29876;29875;29871;29872;29869;29869;29869;29868;29867;29869;29868;29869;29867;29868;29864;29865;29863;29863;29865;29868;29868;29870;29869;29866;29871;29871;29873;29875;29875;29875;29877;29876;29877;29877;29881
0;3;11;32;85;237;689;1922;5086;11661;20654;26737;28979;29580;29730;29771;29779;29780;29781;29780;29779;29780;29781;29783;29783;29779;29777;29776;29775;29776;29780;29779;29777;29780;29778;29781;29783;29782;29781;29781;29779;29775;29778;29779;29778;29779;29781;29781;29782;29780;29780;29782;29784;29784;29786;29789;29790;29791;29790;29786;29788;29789;29787;29787;29785;29783;29781;29779;29781;29782;29783;29782;29783;29784;29784;29784;29786;29789;29790;29793;29796;29796;29796;29796;29797;29796;29796;29801;29803;29805;29806;29806;29805;29809;29809;29807;29809;29812;29812;29814;29814
0;2;6;14;42;113;337;1010;2779;7034;14867;23358;27797;29221;29580;29656;29670;29677;29680;29678;29676;29679;29680;29681;29682;29681;29682;29682;29682;29682;29680;29677;29676;29676;29675;29674;29674;29672;29672;29671;29668;29670;29673;29674;29673;29674;29669;29666;29666;29665;29666;29667;29664;29665;29668;29668;29668;29669;29669;29668;29667;29667;29666;29668;29668;29666;29666;29668;29668;29669;29672;29672;29673;29674;29675;29675;29676;29676;29676;29674;29675;29676;29676;29677;29676;29675;29669;29671;29668;29665;29669;29668;29669;29669;29668;29672;29675;29678;29677;29680;29682
0;2;6;21;47;144;428;1256;3496;8651;17224;25051;28659;29662;29910;29970;29989;29995;29996;29997;29998;30000;29996;29998;29998;29998;29999;30001;29998;29999;29998;29994;29995;29996;29997;30000;30002;29997;29997;29997;29995;29996;29996;29997;29999;29997;29994;29993;29995;29999;29998;30002;30003;30004;30004;30005;30005;30004;30001;29998;30000;30002;30004;30006;30006;30004;30005;30005;30004;30001;30001;29999;29998;29998;29997;29997;29996;29993;29992;29990;29992;29995;29996;30000;30000;30001;30000;30000;29999;30000;30001;30000;29999;30002;30001;30001;30006;30002;30001;29999;29998
0;4;10;27;95;286;836;2288;6045;13541;22420;27724;29508;29952;30049;30069;30073;30072;30072;30075;30075;30075;30075;30077;30078;30081;30078;30077;30076;30074;30075;30073;30072;30075;30077;30078;30078;30079;30081;30080;30081;30081;30082;30082;30082;30082;30080;30080;30078;30081;30077;30082;30081;30077;30078;30078;30076;30077;30077;30077;30077;30076;30075;30074;30072;30074;30075;30076;30075;30077;30079;30079;30080;30077;30076;30079;30075;30075;30077;30077;30075;30079;30079;30078;30080;30083;30085;30084;30086;30086;30085;30088;30086;30088;30091;30088;30088;30083;30081;30082;30083
0;3;8;20;62;181;504;1500;4101;9805;18750;25891;28930;29753;29949;30005;30013;30015;30014;30014;30013;30014;30015;30016;30018;30020;30020;30018;30018;30019;30021;30017;30014;30012;30012;30011;30013;30013;30011;30013;30014;30014;30014;30015;30013;30011;30011;30011;30012;30007;30007;30008;30006;30008;30006;30005;30004;30008;30009;30005;30008;30003;30000;30001;30006;30004;30005;30007;30003;30005;30002;29999;29999;29997;29995;29994;29995;29997;29996;29995;29993;29994;29992;29992;29991;29989;29989;29991;29992;29989;29989;29988;29987;29988;29988;29988;29991;29988;29991;29992;29991
0;2;8;20;52;149;463;1319;3602;8886;17559;25277;28642;29630;29855;29908;29916;29919;29918;29919;29921;29922;29924;29927;29926;29923;29923;29926;29926;29927;29928;29927;29929;29929;29926;29925;29927;29924;29925;29923;29922;29922;29922;29921;29923;29922;29921;29920;29919;29918;29920;29921;29918;29921;29921;29920;29918;29918;29915;29917;29919;29918;29917;29920;29920;29921;29922;29921;29918;29916;29915;29917;29917;29915;29915;29916;29916;29914;29918;29921;29920;29921;29919;29918;29918;29917;29917;29915;29915;29914;29914;29918;29917;29920;29917;29917;29919;29919;29921;29923;29922
0;2;4;8;21;56;152;418;1212;3304;8295;16825;24663;28512;29652;29915;29969;29987;29990;29991;29992;29992;29994;29991;29992;29992;29993;29995;29996;29993;29992;29993;29996;29996;29996;29992;29992;29993;29992;29992;29993;29988;29988;29990;29987;29988;29989;29985;29984;29985;29983;29985;29985;29985;29986;29986;29988;29988;29985;29986;29986;29983;29983;29987;29985;29987;29987;29988;29987;29988;29987;29989;29990;29990;29990;29989;29986;29987;29987;29986;29987;29988;29987;29985;29987;29983;29983;29985;29982;29981;29982;29979;29978;29979;29978;29980;29982;29983;29982;29983;29978
0;3;8;22;57;166;483;1392;3800;9310;18019;25526;28884;29800;29988;30036;30048;30046;30050;30047;30047;30045;30045;30046;30047;30048;30050;30051;30051;30049;30051;30052;30047;30046;30045;30048;30052;30051;30050;30050;30048;30048;30047;30050;30047;30049;30051;30049;30051;30052;30051;30054;30051;30048;30047;30043;30045;30048;30049;30051;30051;30047;30048;30048;30049;30049;30048;30049;30046;30046;30048;30047;30049;30051;30052;30053;30057;30056;30057;30055;30053;30052;30050;30047;30047;30050;30052;30055;30055;30057;30061;30062;30066;30065;30064;30064;30066;30067;30067;30069;30069
