0;10;20;30;40;50;60;70;80;90;100;110;120;130;140;150;160;170;180;190;200;210;220;230;240;250;260;270;280;290;300;310;320;330;340;350;360;370;380;390;400;410;420;430;440;450;460;470;480;490;500;510;520;530;540;550;560;570;580;590;600;610;620;630;640;650;660;670;680;690;700;710;720;730;740;750;760;770;780;790;800;810;820;830;840;850;860;870;880;890;900;910;920;930;940;950;960;970;980;990;1000;1010;1020;1030;1040;1050;1060;1070;1080;1090;1100;1110;1120;1130;1140;1150;1160;1170;1180;1190;1200;1210;1220;1230;1240;1250;1260;1270;1280;1290;1300;1310;1320;1330;1340;1350;1360;1370;1380;1390;1400;1410;1420;1430;1440;1450;1460;1470;1480;1490;1500
0;1;2;2;4;5;7;7;9;10;13;17;20;22;28;39;44;54;64;84;97;128;160;194;235;284;346;429;534;659;817;1019;1236;1518;1877;2294;2831;3418;4143;4978;6011;7170;8411;9886;11490;13138;14900;16610;18266;19744;21157;22405;23383;24083;24573;24774;24695;24446;24022;23352;22447;21324;20038;18577;16935;15185;13343;11550;9841;8207;6716;5438;4351;3420;2621;2019;1566;1189;885;659;494;376;296;235;181;136;108;83;72;56;47;42;37;33;31;27;26;24;23;21;21;21;21;21;21;21;21;21;22;22;22;22;22;22;22;22;22;22;22;22;22;22;22;22;22;22;22;22;22;22;22;22;22;22;22;22;22;22;22;22;22;22;22;22;22;22;22;22;22;22;22
0;1;1;1;1;1;1;2;2;3;3;3;3;4;5;6;9;10;12;16;22;25;31;40;49;64;80;95;112;132;172;209;259;324;399;481;612;757;922;1161;1421;1751;2149;2601;3188;3889;4672;5615;6714;8013;9416;10920;12600;14276;16018;17746;19381;20827;22120;23128;23911;24418;24742;24769;24518;24031;23340;22543;21422;20132;18664;17025;15275;13551;11813;10061;8352;6866;5523;4356;3404;2650;2078;1586;1209;925;714;543;429;328;247;193;133;100;80;60;49;45;41;36;34;30;29;29;28;28;28;28;27;27;27;27;27;27;27;27;27;27;27;27;27;27;27;27;27;27;27;27;27;27;27;27;27;27;27;27;27;27;27;27;27;27;27;27;27;27;27;27;27;27;27
0;2;2;3;5;7;7;10;12;15;16;27;34;43;56;66;86;101;131;154;188;228;294;355;461;565;711;874;1076;1300;1610;1959;2385;2901;3537;4319;5186;6147;7337;8722;10198;11815;13609;15391;17293;19132;20786;22360;23703;24904;25826;26658;27288;27720;28021;28234;28311;28275;28159;27920;27590;27147;26580;25901;25106;24165;23042;21768;20288;18656;16877;15011;13186;11361;9567;7949;6499;5212;4142;3265;2503;1926;1464;1092;822;624;475;367;283;207;166;135;111;85;71;58;48;46;41;38;37;33;31;30;30;29;29;29;28;28;28;28;28;28;28;28;28;28;28;28;28;28;28;28;28;28;28;28;28;28;28;28;28;28;28;28;28;28;28;28;28;28;28;28;28;28;28;28;28;28;28
0;1;2;2;2;2;2;3;4;6;7;8;10;15;17;21;27;31;39;53;64;78;97;120;148;183;230;279;348;436;521;644;796;982;1196;1475;1806;2205;2680;3253;3921;4727;5703;6816;8112;9541;11137;12850;14599;16447;18231;19983;21570;22995;24235;25248;26064;26668;27090;27366;27477;27458;27268;26968;26499;25947;25216;24334;23290;22098;20700;19188;17558;15755;13917;12082;10286;8694;7125;5739;4560;3595;2772;2104;1606;1244;919;700;528;393;290;211;164;130;108;89;72;65;59;49;42;39;34;34;33;33;32;31;31;29;29;29;29;29;29;28;28;28;28;28;28;28;28;28;28;28;28;28;28;28;28;28;28;28;28;28;28;28;28;28;28;28;28;28;28;28;28;28;28;28;28
0;1;1;1;1;1;1;1;1;2;2;2;4;5;6;8;8;11;17;19;23;34;41;46;55;68;81;96;117;140;177;225;279;346;435;544;668;833;1028;1289;1580;1933;2392;2935;3531;4268;5174;6221;7341;8633;10044;11532;13085;14673;16146;17485;18773;19803;20554;20999;21115;20868;20300;19449;18324;16979;15471;13785;12103;10441;8805;7259;5868;4701;3741;2907;2238;1674;1312;998;749;566;415;315;250;192;146;117;91;69;50;42;35;26;20;19;19;19;18;18;17;17;16;16;15;15;15;15;15;15;15;15;15;15;15;15;15;15;15;15;15;15;15;15;15;15;15;15;15;15;15;15;15;15;15;15;15;15;15;15;15;15;15;15;15;15;15;15;15;15;15
0;1;2;2;3;3;5;7;8;10;11;13;16;19;22;29;34;43;60;70;90;114;134;171;208;254;309;379;464;562;693;851;1049;1296;1592;1946;2373;2895;3510;4202;5044;6064;7205;8549;10042;11588;13322;15161;17005;18786;20483;22019;23385;24595;25569;26361;26887;27310;27586;27740;27713;27614;27392;27054;26601;25992;25218;24325;23233;21995;20624;19057;17386;15598;13781;11929;10189;8533;6993;5642;4456;3509;2733;2077;1591;1217;941;701;519;397;289;226;184;144;113;88;68;62;50;41;39;33;31;28;28;27;27;26;26;25;25;25;24;24;24;24;24;24;24;23;23;23;23;23;23;23;23;23;23;23;23;23;23;23;23;23;23;23;23;23;23;23;23;23;23;23;23;23;23;23;23
0;1;1;2;2;3;5;5;6;11;11;16;19;24;28;39;44;50;58;74;93;109;139;166;201;242;292;361;445;559;681;839;1030;1229;1518;1844;2262;2784;3413;4118;4926;5937;7165;8393;9881;11509;13226;14992;16793;18538;20272;21891;23295;24537;25575;26399;27070;27554;27848;28032;28124;28068;27950;27746;27406;26981;26489;25777;24975;24052;22929;21678;20262;18697;17005;15191;13300;11505;9731;8057;6621;5343;4209;3305;2595;1991;1512;1131;854;623;478;373;287;213;167;131;104;80;68;50;42;32;26;23;19;18;18;16;16;16;16;16;16;16;16;16;16;16;16;16;16;16;16;16;16;16;16;16;16;16;16;16;16;16;16;16;16;16;16;16;16;16;16;16;16;16;16;16;16;16;16
0;1;2;2;2;3;4;4;7;9;11;13;18;21;25;32;40;45;55;71;79;108;138;157;194;247;303;370;463;565;690;845;1031;1263;1572;1909;2332;2872;3493;4212;5088;6135;7270;8627;10121;11739;13485;15258;17070;18873;20512;22086;23529;24661;25534;26283;26865;27310;27519;27646;27584;27407;27110;26720;26200;25516;24730;23729;22573;21260;19748;18170;16408;14551;12787;10963;9247;7608;6108;4883;3865;2996;2274;1735;1307;1004;768;600;450;338;255;196;151;117;93;78;66;57;48;39;37;31;29;27;26;26;24;24;24;24;24;24;24;24;24;24;24;24;24;24;24;24;24;24;24;24;24;24;24;24;24;24;24;24;24;24;24;24;24;24;24;24;24;24;24;24;24;24;24;24;24
0;2;2;3;3;5;5;6;7;8;8;9;11;15;19;25;32;38;46;57;67;81;98;119;152;189;232;288;355;432;531;669;824;998;1241;1528;1837;2285;2801;3416;4170;5020;5980;7127;8430;9891;11440;13055;14756;16438;18108;19619;20971;22094;23048;23717;24101;24307;24179;23840;23303;22518;21469;20228;18833;17288;15565;13816;12029;10272;8574;7024;5692;4500;3533;2762;2149;1630;1236;925;707;536;409;312;244;197;140;107;81;72;54;43;33;31;27;27;25;23;23;22;21;21;21;21;20;20;20;20;20;20;20;20;20;20;20;20;20;20;20;20;20;20;20;20;20;20;20;20;20;20;20;20;20;20;20;20;20;20;20;20;20;20;20;20;20;20;20;20;20;20;20
0;1;1;1;1;1;1;1;1;1;2;2;2;2;2;2;3;4;5;6;8;9;12;16;17;23;27;32;38;49;59;69;91;111;140;170;198;247;320;397;478;603;743;931;1133;1377;1687;2044;2497;2994;3649;4346;5160;6107;7087;8128;9247;10264;11253;12150;12864;13376;13512;13368;12920;12180;11266;10153;8910;7577;6406;5272;4218;3329;2621;1993;1557;1202;903;685;525;397;307;233;172;134;104;78;65;58;47;41;31;28;24;22;22;22;21;20;20;20;20;19;19;19;19;19;19;19;19;19;19;19;19;19;19;19;19;19;19;19;19;19;19;19;19;19;19;19;19;19;19;19;19;19;19;19;19;19;19;19;19;19;19;19;19;19;19;19;19
0;1;1;1;1;2;2;3;3;3;4;7;7;11;12;17;21;28;30;38;46;53;65;89;101;125;162;199;243;296;381;473;595;729;920;1136;1408;1708;2077;2537;3090;3791;4550;5466;6513;7708;9070;10522;12052;13644;15195;16776;18163;19341;20298;20924;21305;21434;21087;20532;19677;18537;17188;15640;14018;12204;10573;8888;7352;6002;4844;3833;2968;2317;1726;1307;1013;767;585;460;343;250;187;135;108;84;67;59;49;39;35;31;28;24;23;21;21;20;19;19;19;19;19;19;19;19;19;19;19;19;19;19;19;19;19;19;19;19;19;19;19;19;19;19;19;19;19;19;19;19;19;19;19;19;19;19;19;19;19;19;19;19;19;19;19;19;19;19;19;19;19
0;2;2;2;4;6;6;7;9;11;11;14;16;21;29;33;40;50;62;72;92;113;142;176;210;273;341;416;525;643;810;1003;1238;1537;1872;2277;2768;3379;4069;4901;5905;7000;8269;9683;11339;12982;14800;16596;18291;19972;21490;22776;23883;24748;25409;25793;26002;25981;25768;25370;24760;23928;22964;21811;20394;18893;17288;15573;13704;11878;10130;8451;6927;5620;4470;3507;2718;2091;1622;1236;927;688;520;378;296;215;169;130;103;82;69;58;48;39;35;32;29;27;25;24;24;23;23;23;23;23;23;23;23;23;23;23;23;23;23;23;23;23;23;23;23;23;23;23;23;23;23;23;23;23;23;23;23;23;23;23;23;23;23;23;23;23;23;23;23;23;23;23;23;23;23
0;1;1;2;2;2;2;3;4;4;5;7;8;10;14;18;18;19;24;29;41;45;58;75;92;115;150;193;229;283;349;432;556;669;848;1031;1251;1510;1853;2303;2768;3361;4083;4942;5948;7066;8359;9857;11440;13155;14979;16740;18564;20296;21827;23191;24361;25352;26082;26626;26970;27164;27179;27057;26768;26408;25832;25122;24229;23175;21918;20543;18971;17257;15474;13605;11779;9936;8300;6786;5435;4338;3376;2645;2022;1537;1181;918;700;527;409;306;232;172;137;107;84;65;59;44;39;36;34;32;32;30;29;29;28;28;28;28;28;27;27;27;26;26;26;26;26;26;26;26;26;26;26;26;26;26;26;26;26;26;26;26;26;26;26;26;26;26;26;26;26;26;26;26;26;26;26
0;2;2;4;4;6;7;10;15;16;20;25;26;35;45;48;65;80;98;120;145;184;229;267;348;426;527;643;812;992;1222;1506;1862;2264;2768;3346;4052;4901;5921;7060;8333;9734;11346;13061;14688;16418;18125;19796;21172;22380;23352;24086;24551;24794;24793;24552;24096;23482;22611;21501;20253;18811;17258;15466;13690;11964;10192;8525;7065;5673;4519;3531;2749;2123;1623;1212;925;706;538;413;319;254;204;156;124;98;77;62;51;44;36;31;28;27;25;24;23;23;23;23;22;22;22;21;21;21;21;21;21;21;21;21;21;21;21;21;21;21;21;21;21;21;21;21;21;21;21;21;21;21;21;21;21;21;21;21;21;21;21;21;21;21;21;21;21;21;21;21;21;21;21
0;1;2;2;2;2;3;4;6;7;7;9;11;14;17;21;28;35;42;55;67;79;101;127;151;181;214;264;313;378;461;573;716;859;1056;1291;1606;1969;2418;2962;3598;4366;5231;6271;7418;8736;10171;11788;13499;15225;16931;18497;20059;21399;22490;23344;23995;24301;24393;24246;23808;23235;22418;21278;20017;18590;16892;15109;13360;11591;9819;8185;6780;5440;4363;3387;2636;2029;1563;1191;897;672;508;398;307;241;190;145;121;91;75;64;56;42;37;35;30;29;27;27;26;24;24;24;23;23;23;22;22;22;22;22;22;22;22;22;22;22;22;22;22;22;22;22;22;22;22;22;22;22;22;22;22;22;22;22;22;22;22;22;22;22;22;22;22;22;22;22;22;22;22
0;1;1;2;2;2;2;4;4;5;6;6;7;8;9;13;16;17;23;26;32;39;50;59;71;88;107;138;165;211;257;320;390;488;591;745;927;1136;1394;1683;2095;2574;3153;3823;4619;5518;6588;7786;9184;10627;12248;13903;15543;17164;18592;19924;20976;21803;22400;22623;22628;22277;21657;20697;19622;18289;16735;15104;13406;11619;9885;8235;6764;5471;4357;3345;2636;2013;1539;1188;901;682;521;405;311;248;193;161;126;106;82;70;58;54;43;37;34;33;30;30;28;28;28;28;28;28;28;28;28;28;27;27;27;27;27;27;27;27;27;27;27;27;27;27;27;27;27;27;27;27;27;27;27;27;27;27;27;27;27;27;27;27;27;27;27;27;27;27;27;27;27
0;1;1;2;2;2;3;3;4;5;5;6;10;12;13;16;20;26;30;38;46;54;63;79;93;117;140;174;219;268;320;398;483;598;725;905;1106;1357;1688;2079;2548;3088;3778;4563;5436;6538;7718;9053;10504;12098;13668;15246;16786;18151;19286;20191;20804;21046;20962;20515;19801;18803;17497;16021;14362;12652;10969;9300;7768;6370;5134;4060;3203;2445;1838;1376;1032;771;560;427;309;225;172;137;103;86;74;57;46;43;39;34;33;32;26;26;24;24;24;24;24;24;24;24;24;24;24;24;24;24;24;24;24;24;24;24;24;24;24;24;24;24;24;24;24;24;24;24;24;24;24;24;24;24;24;24;24;24;24;24;24;25;25;25;25;25;25;25;25;25;25
0;1;2;2;3;3;4;4;6;6;9;11;12;13;14;18;25;31;45;55;65;77;102;128;156;189;239;290;361;448;555;684;845;1030;1250;1553;1907;2297;2801;3406;4114;4985;5992;7107;8429;9853;11397;13070;14825;16517;18143;19748;21098;22264;23237;23824;24274;24351;24235;23886;23296;22473;21420;20106;18713;17065;15383;13642;11777;10033;8392;6834;5515;4360;3432;2661;2063;1608;1225;916;668;515;382;291;216;160;116;98;74;61;50;44;36;28;21;20;18;18;17;17;16;15;15;15;14;14;13;13;13;13;13;13;13;13;13;13;13;13;13;13;13;13;13;13;13;13;13;13;13;13;13;13;13;13;13;13;13;13;13;13;13;13;13;13;13;13;13;13;13;13;13
0;1;1;2;2;3;3;5;5;7;7;11;15;18;22;27;35;41;46;57;69;94;117;146;182;226;276;352;435;523;656;816;1009;1231;1515;1869;2263;2812;3378;4114;4982;5950;7112;8403;9910;11465;13246;15004;16840;18579;20287;21989;23389;24675;25748;26612;27266;27780;28192;28480;28668;28746;28769;28719;28601;28422;28160;27846;27412;26903;26269;25493;24658;23616;22369;20977;19490;17813;16115;14296;12422;10602;8840;7261;5902;4619;3649;2846;2208;1693;1300;1003;733;573;444;317;241;193;159;133;107;95;83;73;56;43;39;36;36;36;33;32;32;32;32;32;32;32;32;32;32;32;32;32;32;32;32;32;32;32;32;32;32;32;32;32;32;32;32;32;32;32;32;32;32;32;32;32;32;32;32
0;2;2;2;2;3;3;5;6;6;9;11;13;13;16;20;28;35;43;52;62;80;101;117;153;176;224;276;343;424;524;657;802;1005;1245;1517;1853;2247;2755;3361;4096;4942;5914;7101;8363;9817;11457;13070;14791;16463;18061;19525;20828;21821;22590;23069;23229;23101;22768;22157;21272;20128;18789;17288;15620;13860;12078;10346;8660;7101;5776;4629;3583;2797;2161;1657;1237;952;733;566;414;327;259;204;157;115;94;77;65;57;45;40;36;30;28;25;24;21;21;20;20;20;19;19;19;19;19;19;19;19;19;19;19;19;19;19;19;19;19;19;19;19;19;19;19;19;19;19;19;19;19;19;19;19;19;19;19;19;19;19;19;19;19;19;19;19;19;19;19;19;19
0;2;2;3;4;6;6;8;9;11;14;18;23;27;30;39;50;59;75;90;115;145;178;210;264;326;402;486;613;757;913;1127;1372;1656;2050;2509;3048;3683;4414;5348;6329;7545;8886;10333;11894;13492;15192;16760;18359;19709;20923;21908;22658;23076;23233;23075;22696;21993;21034;19849;18428;16829;15169;13417;11590;9925;8247;6798;5467;4333;3427;2643;2004;1521;1121;853;653;513;409;315;226;182;136;110;88;69;57;44;38;34;31;29;27;26;26;26;26;26;25;25;25;25;25;25;25;25;25;25;25;24;24;24;24;24;24;24;24;24;24;24;24;24;24;24;24;24;24;24;24;24;24;24;24;24;24;24;24;24;24;24;24;24;24;24;24;24;24;24;24;24;24
0;1;2;2;2;4;5;6;6;7;9;10;15;17;20;25;35;41;52;60;78;93;111;136;166;208;247;298;381;473;573;707;881;1087;1331;1651;2046;2464;3021;3660;4470;5357;6429;7654;8959;10484;12073;13800;15561;17383;19170;20856;22342;23557;24670;25511;26120;26574;26820;26904;26853;26632;26264;25727;25032;24161;23087;21836;20507;18918;17262;15480;13614;11740;9977;8345;6881;5591;4445;3484;2703;2109;1612;1217;936;704;530;417;319;245;190;146;111;90;70;56;49;39;36;31;29;26;24;24;24;24;24;24;24;23;23;23;23;23;23;23;23;23;23;23;23;23;23;23;23;23;23;23;23;23;23;23;23;23;23;23;23;23;23;23;23;23;23;23;23;23;23;23;23;23;23
0;2;2;2;3;3;4;4;4;5;6;6;6;9;12;15;21;29;33;41;47;57;72;93;110;135;164;202;261;315;396;499;607;770;952;1169;1437;1767;2165;2630;3205;3882;4668;5610;6724;7983;9331;10799;12469;14066;15731;17269;18778;20083;21221;22055;22566;22814;22703;22357;21738;20892;19678;18354;16857;15191;13359;11539;9922;8377;6892;5562;4421;3495;2682;2092;1541;1160;888;669;533;411;314;242;190;153;125;100;81;69;58;51;37;35;31;28;26;24;24;22;22;22;22;22;22;22;22;22;21;21;21;21;21;21;21;21;21;21;21;21;21;21;21;21;21;21;21;21;21;21;21;21;21;21;21;21;21;21;21;21;21;21;21;21;21;21;21;21;21;21;21
0;2;2;2;3;5;5;6;6;8;13;15;17;22;27;31;37;43;55;71;86;112;142;177;220;275;337;413;514;616;758;924;1142;1401;1751;2139;2600;3188;3822;4615;5593;6647;7870;9326;10821;12462;14231;16053;17806;19458;20997;22352;23514;24360;24982;25369;25463;25382;25096;24578;23865;22911;21741;20374;18844;17193;15456;13609;11737;9967;8374;6850;5495;4355;3375;2579;1981;1533;1188;905;693;530;427;323;254;195;160;113;93;74;64;54;51;47;40;34;31;30;30;30;30;30;30;29;29;29;29;29;29;29;29;29;29;29;29;29;29;29;29;29;29;29;29;29;29;29;29;29;29;29;29;29;29;29;29;29;29;29;29;29;29;29;29;29;29;29;29;29;29;29;29
0;1;1;1;1;1;2;2;2;2;2;3;4;4;5;5;6;7;9;11;12;14;19;26;31;41;50;66;83;101;117;149;189;226;277;357;439;542;662;821;1003;1250;1522;1885;2317;2795;3407;4119;4929;5903;6969;8233;9602;11125;12751;14406;16019;17566;18881;19944;20788;21387;21680;21622;21277;20596;19638;18446;17036;15434;13688;11929;10231;8597;7058;5698;4528;3553;2772;2144;1644;1248;967;726;548;422;314;245;184;151;117;88;71;60;52;45;35;30;26;23;21;21;20;19;18;18;18;16;15;15;15;15;15;15;15;15;15;15;15;15;15;15;15;15;15;15;15;15;15;15;16;16;16;16;16;16;16;16;16;16;16;16;16;16;17;17;17;17;17;17;17
0;2;2;3;3;4;5;6;7;9;10;12;15;17;20;28;34;42;56;69;82;100;129;156;200;248;307;377;461;583;735;905;1123;1377;1670;2078;2570;3075;3769;4546;5474;6560;7758;9165;10721;12377;14156;16008;17855;19612;21164;22595;23723;24724;25475;25985;26282;26388;26296;26026;25577;24936;24136;23215;22066;20668;19194;17528;15782;13927;12038;10280;8577;7050;5691;4542;3622;2794;2150;1668;1277;959;725;534;393;306;223;174;134;107;91;69;59;53;45;41;36;33;31;30;30;27;27;27;26;26;26;25;25;24;23;23;23;23;23;23;23;23;23;23;23;23;23;23;23;23;23;23;23;23;23;23;23;23;23;23;23;23;23;23;23;23;23;23;23;23;23;23;23;23;23
0;1;1;1;2;2;2;3;4;5;8;9;11;14;18;23;28;34;43;52;63;79;100;116;144;175;203;255;309;379;477;573;701;871;1067;1321;1619;1982;2392;2930;3588;4311;5181;6188;7337;8685;10117;11640;13234;14928;16573;18030;19327;20484;21390;21984;22259;22204;21844;21242;20373;19259;17910;16290;14626;12789;11069;9380;7772;6334;5088;4037;3140;2456;1885;1437;1074;808;617;471;367;275;221;164;132;99;80;68;54;45;40;34;33;31;31;29;28;26;26;24;24;23;23;23;23;23;23;23;23;23;23;23;23;23;23;23;23;23;23;23;23;23;23;23;23;23;23;23;23;23;23;23;23;23;23;23;23;23;23;23;23;23;23;23;23;23;23;23;23;23;23
0;1;1;1;1;1;2;2;3;5;7;9;16;17;22;25;30;37;45;53;62;78;95;122;152;187;227;280;352;423;502;632;785;960;1178;1464;1801;2207;2694;3304;3983;4834;5849;6976;8315;9714;11327;12997;14771;16576;18301;19927;21466;22786;23912;24791;25428;25850;26052;26076;25898;25523;24965;24257;23332;22156;20834;19348;17759;16014;14224;12435;10618;8932;7377;6018;4797;3771;2975;2286;1770;1377;1087;829;616;488;377;304;234;182;134;108;92;84;66;56;48;44;40;36;35;34;32;32;31;31;31;30;30;30;30;30;29;29;29;29;29;29;29;29;29;29;29;29;29;29;29;29;29;29;29;29;29;29;29;29;29;29;29;29;29;29;29;29;29;29;29;29;29;29;29
0;2;2;3;4;4;4;6;7;9;14;17;21;30;38;48;63;73;85;112;132;171;213;266;323;398;507;634;780;975;1193;1468;1816;2236;2739;3373;4080;4922;5954;7131;8469;9968;11550;13343;15208;17048;18864;20630;22259;23638;24812;25805;26601;27203;27580;27836;27881;27820;27625;27300;26801;26223;25514;24602;23534;22242;20836;19329;17575;15811;13981;12135;10318;8610;7024;5712;4545;3579;2785;2161;1656;1245;939;698;538;418;319;233;183;139;114;86;64;51;47;41;36;35;33;31;28;25;25;24;24;24;24;24;23;23;23;23;23;23;23;23;23;23;23;23;23;23;23;23;23;23;23;23;23;23;23;23;23;23;23;23;23;23;23;23;23;23;23;23;23;23;23;23;23;23;23
0;1;2;2;3;4;5;7;9;9;9;11;12;14;17;24;30;34;42;50;60;79;102;125;147;190;234;276;359;431;544;678;855;1045;1278;1582;1955;2405;2945;3570;4318;5230;6299;7498;8794;10358;11966;13727;15448;17189;18933;20493;21919;23175;24118;24840;25393;25698;25812;25601;25276;24689;23993;23030;21893;20591;19021;17326;15564;13763;11980;10249;8564;7107;5715;4524;3561;2803;2167;1662;1262;951;695;528;417;339;258;190;148;115;80;68;50;43;42;40;39;36;34;31;29;27;27;25;24;24;24;23;23;23;23;23;23;23;23;23;23;23;23;23;23;23;23;23;23;23;23;23;23;23;23;23;23;23;23;23;23;23;23;23;23;23;23;23;23;23;23;23;23;23;23
0;2;2;2;3;5;5;5;6;7;11;12;12;16;18;21;24;27;33;43;56;69;86;102;127;155;185;233;281;353;428;538;640;788;970;1198;1453;1789;2178;2630;3207;3842;4656;5581;6671;7888;9277;10797;12435;14174;15923;17720;19379;20853;22165;23296;24145;24743;25141;25331;25282;24966;24392;23670;22776;21658;20351;18849;17230;15543;13758;11950;10248;8520;6959;5598;4447;3496;2701;2078;1576;1196;896;670;506;385;296;233;181;138;114;98;75;67;59;54;44;40;37;37;37;36;36;34;34;34;34;34;34;34;34;34;34;34;34;34;34;34;34;34;34;34;34;34;34;34;34;34;34;34;34;34;34;34;34;34;34;34;34;34;34;34;34;34;34;34;34;34;34;34;34
0;1;1;1;2;2;2;2;3;4;5;5;6;8;11;12;17;22;27;31;35;43;57;71;85;112;132;162;211;241;291;358;445;548;669;823;1008;1229;1489;1825;2223;2749;3365;4100;4976;6010;7166;8514;9975;11518;13258;15020;16705;18441;19968;21419;22606;23572;24302;24708;24837;24697;24366;23816;23022;22040;20854;19467;17884;16161;14405;12567;10791;9052;7516;6082;4857;3843;3008;2310;1766;1330;1017;767;581;451;337;262;198;155;130;101;84;66;57;44;40;37;32;30;28;24;23;23;20;20;20;19;19;19;19;19;19;19;19;19;19;19;19;19;19;19;19;19;19;19;19;19;19;19;19;19;19;19;19;19;19;19;19;19;19;19;19;19;19;19;19;19;19;19;19
0;1;1;2;2;3;4;4;5;5;6;6;8;9;10;13;15;17;21;24;31;35;46;61;79;94;115;142;177;214;267;322;389;488;588;729;896;1086;1324;1655;2004;2462;2977;3593;4358;5229;6200;7289;8549;9992;11522;13119;14751;16328;17832;19080;20123;20863;21274;21408;21237;20741;19918;18806;17526;16051;14457;12817;11067;9408;7835;6410;5192;4091;3217;2471;1859;1443;1099;839;623;471;356;273;198;152;111;90;67;53;42;31;29;28;28;26;25;25;24;24;24;24;24;24;23;23;23;23;23;23;23;23;23;23;23;23;23;23;24;24;24;24;24;24;24;24;24;24;24;24;24;24;24;24;24;24;24;24;24;24;24;24;24;24;24;24;24;24;24;24;24
0;2;2;2;2;2;2;2;2;4;5;6;7;9;11;13;16;19;26;35;42;56;68;84;106;130;164;196;250;312;384;480;590;723;889;1086;1341;1646;2027;2487;3034;3694;4443;5343;6402;7592;8947;10425;12088;13805;15593;17385;19025;20478;21818;22931;23817;24433;24755;24914;24808;24471;23881;23201;22232;21017;19638;18143;16472;14734;12894;11091;9363;7718;6309;5093;4107;3204;2500;1925;1476;1119;854;678;512;394;293;247;206;155;125;99;88;72;59;54;50;47;44;41;39;38;38;36;34;33;33;33;33;33;33;33;33;33;33;33;33;33;33;33;33;33;33;33;33;33;33;33;33;33;33;33;33;33;33;33;33;33;33;33;33;33;33;33;33;33;33;33;33;33;33
0;2;2;3;4;4;4;5;8;10;11;13;16;17;19;21;27;39;49;60;70;84;108;133;164;206;254;318;391;477;594;731;892;1105;1349;1656;2023;2434;2990;3637;4425;5347;6425;7614;8980;10518;12201;13906;15814;17655;19412;21114;22606;23852;24871;25731;26322;26710;26872;26846;26684;26330;25812;25128;24253;23167;21893;20450;18885;17164;15331;13409;11575;9817;8128;6611;5287;4142;3276;2499;1946;1479;1121;830;620;483;374;279;216;168;133;105;86;70;64;56;49;42;38;37;36;34;34;32;32;32;32;32;31;31;31;31;31;31;31;31;31;31;31;31;31;31;31;31;31;32;32;32;32;32;32;32;32;32;32;32;32;32;32;32;33;33;33;33;33;33;33;33;33;33;33
0;2;2;3;4;4;4;6;7;8;11;14;20;20;25;31;39;45;52;65;79;100;123;155;192;240;298;365;442;539;667;813;999;1234;1537;1883;2324;2831;3430;4151;4989;5941;7079;8375;9818;11320;13040;14761;16479;18178;19758;21214;22467;23502;24247;24792;25060;25067;24835;24421;23773;22969;21897;20643;19280;17686;15902;14108;12237;10500;8786;7296;5928;4735;3756;2911;2269;1746;1298;984;710;538;404;299;234;192;156;120;103;84;71;62;54;47;41;39;36;35;30;30;29;28;28;27;27;26;26;26;26;25;25;25;25;25;25;25;25;25;25;25;25;25;25;25;25;25;25;25;25;25;25;25;25;25;25;25;25;25;25;25;25;25;25;25;25;25;25;25;25;25;25
0;1;1;1;2;2;3;4;4;6;9;12;13;17;22;25;33;42;54;64;86;95;116;147;175;211;258;303;371;455;569;699;879;1089;1348;1632;2011;2449;2998;3664;4424;5310;6389;7613;9023;10518;12183;13986;15878;17710;19423;21019;22457;23715;24673;25402;25886;26168;26240;26115;25805;25268;24561;23729;22637;21366;19915;18296;16624;14807;12920;11053;9325;7648;6208;4942;3870;3022;2357;1818;1335;1020;775;567;427;324;249;193;146;112;87;71;57;53;45;41;36;32;30;27;26;25;25;24;22;22;21;21;21;21;21;21;21;21;21;21;21;21;21;21;21;21;21;21;21;21;21;21;21;21;21;21;21;21;21;21;21;21;21;21;21;21;21;21;21;21;21;21;21;21;21
0;2;2;2;2;2;3;4;4;5;7;9;14;16;20;25;32;40;45;57;71;82;104;128;163;206;248;295;359;445;559;670;842;1038;1272;1563;1916;2368;2894;3515;4249;5135;6179;7390;8702;10170;11787;13430;15196;16937;18558;20122;21514;22716;23664;24341;24779;24969;24916;24623;24117;23419;22501;21312;19963;18481;16834;15017;13191;11458;9627;8018;6517;5263;4182;3281;2540;1952;1506;1120;834;622;443;335;263;207;158;120;97;78;60;47;40;37;32;28;21;18;18;16;14;14;14;14;13;13;13;13;13;13;13;13;13;13;13;13;13;13;13;13;13;13;13;13;13;13;13;13;13;13;13;13;13;13;13;13;13;13;13;13;13;13;13;13;13;13;13;13;13;13;13
0;2;2;3;5;6;9;13;18;25;33;42;50;61;75;92;115;142;174;220;278;353;434;528;670;833;1011;1264;1571;1918;2371;2903;3532;4285;5161;6224;7384;8715;10148;11866;13563;15389;17237;18924;20620;22164;23567;24729;25695;26514;27128;27525;27773;27943;28015;27954;27783;27510;27124;26609;26001;25208;24325;23270;22052;20690;19171;17543;15840;14042;12216;10488;8777;7224;5849;4720;3685;2947;2263;1729;1335;1006;771;603;455;363;283;215;160;130;102;76;64;52;44;37;34;31;27;26;24;22;22;22;22;21;20;20;20;20;19;19;19;19;19;19;19;19;19;19;19;19;19;19;19;19;19;19;19;19;19;19;19;19;19;19;19;19;19;19;19;19;19;19;19;19;19;19;19;19;19
0;1;1;1;1;1;2;2;3;3;5;5;7;9;11;15;16;21;28;35;41;50;62;78;97;120;153;183;227;282;355;433;542;687;840;1013;1254;1545;1908;2341;2852;3507;4183;5049;6067;7216;8498;9977;11566;13322;15069;16834;18570;20200;21676;23036;24073;24928;25619;26007;26109;26057;25825;25330;24722;23874;22922;21701;20371;18870;17163;15346;13463;11698;9907;8251;6727;5400;4299;3430;2646;2014;1564;1199;897;665;505;383;298;233;197;145;114;96;82;70;67;56;47;43;40;37;36;35;34;33;32;32;31;31;30;29;29;28;28;28;28;28;28;28;28;28;28;28;28;28;28;28;28;28;28;28;28;28;28;28;28;28;28;28;28;28;28;28;28;28;28;28;28;28;28
0;1;1;1;1;1;1;2;2;2;2;3;3;3;5;6;6;8;10;12;15;20;24;30;37;46;54;66;80;95;120;146;179;220;263;330;416;507;606;741;905;1112;1358;1666;2030;2470;3026;3613;4390;5267;6255;7394;8602;9961;11290;12633;13896;15072;16066;16789;17184;17331;17010;16452;15509;14360;13137;11659;10142;8575;7184;5886;4786;3830;3006;2343;1822;1383;1044;780;596;426;320;255;178;134;112;84;63;55;47;40;34;29;25;25;24;22;20;20;20;19;19;19;19;19;19;19;19;19;19;19;19;19;19;19;19;19;19;19;19;19;19;19;19;19;19;19;19;19;19;19;19;19;19;19;19;19;19;19;19;19;19;19;19;19;19;19;19;19;19
0;1;2;2;3;3;4;6;6;8;12;13;14;19;22;25;34;41;52;55;64;77;95;113;149;180;231;290;349;435;552;664;816;1021;1254;1541;1898;2341;2840;3479;4197;5067;6105;7248;8566;10019;11646;13348;15058;16876;18596;20265;21697;22999;24015;24828;25411;25788;25873;25743;25443;24990;24299;23413;22360;21127;19710;18146;16419;14660;12808;10974;9250;7721;6260;5007;3917;3037;2329;1802;1393;1051;795;577;446;330;238;180;138;109;87;72;64;51;39;36;30;26;22;19;19;18;18;18;18;18;17;17;17;17;16;16;16;16;16;16;16;16;16;16;17;17;17;17;17;17;17;17;17;17;17;17;17;17;17;17;17;17;17;17;17;17;17;17;17;17;17;17;17;17;17
0;2;2;3;5;6;6;6;8;9;12;15;16;22;29;35;42;50;63;81;94;126;157;191;244;305;370;465;583;709;883;1090;1356;1641;2023;2504;3032;3649;4408;5344;6369;7572;8957;10524;12167;13927;15666;17511;19270;20806;22304;23610;24660;25509;26156;26609;26898;26924;26820;26534;26119;25540;24783;23804;22705;21352;19882;18229;16408;14587;12743;10819;9172;7568;6208;4959;3893;3012;2373;1832;1397;1059;811;630;481;349;270;217;169;127;108;91;69;57;49;49;46;39;36;34;30;28;26;26;25;25;24;24;24;24;24;24;24;24;24;24;24;24;24;24;24;24;24;24;24;24;24;24;24;24;24;24;24;24;24;24;24;24;24;24;24;24;24;24;24;24;24;24;24;24;24
0;1;1;1;1;1;1;2;2;2;3;5;7;9;11;14;17;19;21;27;32;38;39;50;61;72;89;108;129;159;197;248;305;375;473;578;703;866;1064;1313;1603;1967;2420;2916;3547;4262;5133;6143;7343;8624;10092;11645;13317;15053;16677;18306;19813;21120;22261;23099;23671;23926;23979;23749;23286;22554;21600;20313;18890;17357;15754;14000;12152;10340;8629;7038;5669;4531;3587;2776;2143;1620;1232;934;716;534;394;291;226;169;137;109;87;77;69;58;49;43;32;31;29;26;25;25;25;25;23;23;23;22;22;22;22;22;22;22;22;22;22;22;22;22;22;22;22;22;22;22;22;22;22;22;22;22;22;22;22;22;22;22;22;22;22;22;22;22;22;22;22;22;22
0;1;1;2;2;3;4;4;5;5;8;9;9;12;14;17;23;25;28;35;41;50;65;77;93;112;138;174;209;268;332;411;488;603;752;921;1114;1394;1698;2089;2532;3102;3774;4584;5476;6587;7807;9162;10658;12188;13797;15384;16936;18411;19601;20548;21206;21537;21551;21247;20575;19653;18481;17031;15490;13783;12077;10373;8721;7174;5756;4598;3599;2807;2146;1632;1252;976;729;543;406;314;239;192;142;106;80;66;54;41;34;31;28;26;25;25;24;23;22;21;20;20;20;20;20;19;19;19;19;19;19;19;19;19;19;19;19;19;19;19;19;19;19;19;19;19;19;19;19;19;19;19;19;19;19;19;19;19;19;19;19;19;19;19;19;19;19;19;19;19;19
0;1;2;2;2;2;3;4;5;7;7;10;14;15;20;25;30;36;43;50;65;79;102;130;157;196;238;280;356;440;549;692;845;1051;1301;1621;1996;2427;2969;3611;4364;5255;6273;7461;8796;10335;11926;13602;15288;16892;18427;19749;20825;21690;22283;22532;22462;22046;21443;20518;19311;17915;16346;14664;12827;11039;9303;7687;6267;4991;3945;3037;2351;1802;1390;1009;771;574;435;322;256;198;169;135;101;81;65;56;45;39;35;31;28;26;25;23;23;22;22;22;22;22;22;22;22;22;22;22;22;22;22;22;22;22;22;22;22;22;22;22;22;22;22;22;22;22;22;22;22;22;22;22;23;23;23;23;23;23;23;23;23;23;23;23;23;23;23;23;23;23;23
0;1;2;2;4;6;7;7;10;15;15;16;21;27;33;37;47;53;63;80;98;116;140;169;218;264;323;401;502;620;770;957;1138;1442;1784;2208;2687;3281;4000;4814;5810;6866;8150;9652;11207;12912;14650;16488;18265;19920;21453;22857;24084;25015;25806;26397;26780;26940;26942;26780;26432;25988;25390;24611;23650;22551;21157;19718;18132;16372;14516;12710;10885;9178;7589;6156;5023;3952;3089;2396;1830;1373;1050;791;591;470;362;289;201;155;119;96;77;63;54;43;37;33;31;27;25;24;23;23;23;23;22;22;22;22;22;22;22;21;21;21;21;21;21;21;21;21;21;21;21;21;21;21;21;21;21;21;21;21;21;21;21;21;21;21;21;21;21;21;21;21;21;21;21;21;21
0;2;2;3;3;3;5;8;8;10;10;13;15;19;23;29;32;40;55;69;84;105;134;166;198;240;292;372;458;561;708;866;1066;1338;1600;1979;2434;2960;3586;4368;5267;6269;7462;8812;10266;11909;13678;15460;17272;19081;20755;22280;23591;24618;25515;26136;26543;26723;26738;26593;26272;25828;25199;24468;23459;22295;20973;19445;17775;16055;14167;12402;10583;8884;7369;5955;4721;3736;2903;2252;1740;1352;1021;763;565;432;326;242;189;153;118;95;79;65;53;49;43;38;33;32;30;28;27;27;26;26;26;26;26;26;26;25;25;25;25;25;25;25;25;25;25;25;25;25;25;25;25;25;25;25;25;26;26;26;26;26;26;26;26;26;26;26;26;26;26;26;26;26;26;26;26
0;2;2;3;5;6;6;8;10;13;18;22;28;36;41;56;69;90;109;138;171;220;279;340;417;515;632;787;979;1203;1488;1821;2236;2750;3347;4063;4948;5934;7108;8472;9994;11626;13292;15164;16997;18881;20586;22167;23545;24736;25769;26610;27221;27634;27904;27989;27942;27777;27483;27065;26541;25837;25004;24019;22813;21502;20021;18324;16578;14746;12898;11080;9297;7608;6253;4968;3929;3027;2299;1814;1400;1041;783;605;472;371;294;225;167;127;107;91;76;68;57;50;46;38;37;36;34;33;33;33;33;33;33;33;33;33;33;33;33;33;33;33;33;33;33;33;33;33;33;33;33;33;33;34;34;34;34;34;34;34;34;34;34;34;34;34;34;34;34;34;34;34;34;34;34;34;34
0;1;2;2;2;2;3;5;5;6;9;13;13;15;19;25;28;32;38;48;57;70;83;109;139;164;197;248;314;382;465;582;720;884;1092;1356;1658;2014;2463;3036;3771;4543;5495;6570;7787;9256;10779;12478;14163;15910;17703;19321;20813;22132;23167;24021;24536;24833;24865;24634;24177;23430;22489;21314;19893;18366;16686;14805;13007;11145;9351;7778;6299;5044;3972;3059;2330;1783;1342;1006;774;571;435;340;250;193;154;119;96;82;66;53;46;38;32;29;29;28;28;28;29;27;27;27;27;27;27;27;27;27;27;27;27;27;27;27;27;27;27;27;27;27;27;27;27;27;27;27;27;27;27;27;27;27;27;27;27;27;27;27;27;27;27;27;27;27;27;27;27;27;27
0;2;2;2;3;6;6;11;13;18;23;32;40;45;54;70;87;103;132;161;196;243;302;379;462;570;708;877;1056;1305;1607;1979;2415;2955;3589;4323;5212;6255;7416;8757;10249;11914;13645;15473;17232;19057;20813;22356;23726;24944;25910;26730;27347;27835;28209;28467;28608;28665;28685;28596;28466;28277;27997;27665;27217;26699;26032;25278;24364;23253;22056;20608;19030;17363;15574;13764;11922;10103;8424;6950;5594;4479;3506;2768;2143;1603;1217;918;691;529;407;329;252;199;159;126;106;84;69;59;51;46;41;37;35;34;33;32;32;30;29;29;29;29;29;29;29;29;29;29;29;29;28;28;28;28;28;28;28;28;28;28;28;28;28;28;28;28;28;28;28;28;28;28;28;28;28;28;28;28;28
0;2;2;4;5;7;8;12;14;18;21;25;38;42;53;68;87;107;134;173;208;266;327;409;516;618;779;954;1171;1440;1780;2155;2661;3241;3959;4758;5721;6828;8159;9557;11145;12874;14695;16499;18325;20084;21719;23105;24344;25432;26289;26921;27416;27739;27954;28047;28021;27897;27671;27309;26843;26242;25516;24687;23701;22546;21254;19779;18153;16410;14665;12809;11068;9262;7628;6157;4917;3888;3053;2386;1862;1425;1099;854;640;476;366;270;204;152;115;91;73;63;54;43;39;34;28;26;26;25;22;22;22;22;22;22;22;21;21;21;21;21;21;21;21;21;21;21;21;21;21;21;21;21;21;21;21;21;21;21;21;21;21;21;21;21;21;21;21;21;21;21;21;21;21;21;21;21;21
0;2;2;3;4;4;6;6;6;9;10;12;16;16;20;22;30;33;45;54;66;83;107;141;173;209;246;312;382;465;580;715;893;1109;1347;1648;2002;2461;2994;3617;4363;5285;6341;7564;8936;10355;11942;13564;15251;16874;18468;19850;20961;21898;22471;22742;22812;22535;22020;21264;20272;18989;17578;15990;14243;12485;10702;9037;7470;6070;4868;3840;2962;2252;1713;1288;969;775;602;461;354;269;206;159;123;102;76;61;50;45;37;29;28;27;26;25;24;23;23;23;23;23;23;23;23;23;23;23;23;23;23;23;23;23;23;23;23;23;23;23;23;23;23;23;23;23;23;23;23;23;23;23;23;23;23;23;23;23;23;23;23;23;23;23;23;23;23;23;23;23;23
0;1;1;1;1;1;2;2;2;3;4;4;6;6;9;10;14;16;19;23;28;35;44;51;62;78;101;125;155;190;225;288;355;429;523;637;773;949;1169;1442;1762;2171;2631;3186;3839;4634;5537;6550;7700;9001;10383;11832;13389;14879;16253;17529;18547;19253;19751;19821;19572;19092;18271;17164;15827;14331;12672;11033;9355;7818;6409;5235;4166;3290;2568;1968;1512;1152;873;643;486;357;274;210;155;114;96;68;51;43;33;28;25;24;23;23;20;19;19;19;19;19;19;19;19;19;19;19;19;19;19;19;18;18;18;18;18;18;18;18;18;18;18;18;18;18;18;18;18;18;18;18;18;18;18;18;18;18;18;18;18;18;18;18;18;18;18;18;18;18;18
0;1;1;1;1;2;2;3;3;3;3;6;7;9;9;15;18;22;28;34;42;57;68;86;106;134;163;206;259;324;415;513;635;786;980;1197;1461;1796;2206;2722;3301;4071;4923;5966;7099;8424;9929;11560;13272;15158;17032;18813;20546;22106;23444;24609;25580;26340;26863;27250;27418;27459;27316;27004;26583;26009;25255;24383;23359;22117;20725;19168;17503;15677;13818;12008;10237;8460;6857;5492;4337;3417;2627;1988;1516;1172;888;691;537;379;297;228;171;134;107;91;78;68;56;52;45;40;40;32;30;30;30;29;29;29;29;28;28;27;27;27;27;27;27;27;27;27;27;27;27;27;27;27;27;27;27;27;27;27;27;27;27;27;27;27;27;27;27;27;27;27;27;27;27;27;27
0;1;1;1;2;2;2;3;3;4;4;5;5;5;5;6;9;11;11;15;17;19;22;31;39;45;60;73;97;118;150;183;230;273;330;408;504;618;790;963;1168;1428;1780;2152;2630;3199;3836;4656;5588;6595;7734;9034;10432;11907;13437;14977;16396;17648;18689;19526;20066;20365;20263;19771;19077;18131;16937;15521;13966;12296;10597;9004;7487;6149;4907;3856;3030;2394;1833;1382;1055;801;594;441;328;259;207;150;119;96;80;65;55;44;39;33;31;30;29;27;27;27;27;27;27;27;27;27;27;27;27;27;27;27;27;27;27;27;27;27;27;27;27;27;27;27;27;27;27;27;27;27;27;27;27;27;27;27;27;27;27;27;27;27;27;27;27;27;27;27;27
0;1;1;2;2;3;4;4;5;6;6;8;9;10;13;16;21;27;36;40;45;62;76;95;122;144;178;212;277;351;438;527;672;826;1020;1262;1541;1882;2319;2832;3415;4175;5043;6021;7169;8470;9917;11490;13134;14880;16563;18224;19780;21093;22338;23293;23936;24302;24423;24289;23925;23366;22551;21482;20202;18744;17177;15472;13688;11881;10094;8497;7005;5670;4531;3594;2768;2119;1602;1232;939;731;545;399;311;241;178;127;103;80;70;60;55;45;43;39;36;34;31;29;27;27;26;26;26;25;25;25;25;25;25;25;25;25;24;24;24;24;24;24;24;24;24;24;24;24;24;24;24;24;24;24;24;24;24;24;24;24;24;24;24;24;24;24;24;24;24;24;24;24;24
0;1;1;1;1;1;2;2;3;3;4;4;6;9;11;14;17;21;26;31;42;52;62;77;94;120;143;171;216;261;328;401;496;625;779;944;1160;1444;1764;2148;2618;3216;3878;4618;5525;6558;7858;9268;10758;12372;13964;15507;17016;18432;19632;20581;21200;21600;21679;21406;20782;19920;18820;17537;15984;14338;12566;10863;9151;7602;6222;4980;3959;3088;2381;1810;1387;1041;781;594;446;349;256;190;150;116;93;81;72;59;54;49;46;38;36;33;29;28;28;27;26;25;25;25;25;25;25;25;25;25;25;25;25;25;25;25;25;25;25;25;25;25;25;25;25;25;25;25;25;25;25;25;25;25;25;25;25;25;25;25;25;25;25;25;25;25;25;25;25;25;25
0;1;1;1;2;2;3;4;4;5;6;6;8;11;13;14;18;26;32;36;42;53;63;76;95;117;143;174;220;272;341;417;518;643;793;978;1189;1469;1797;2247;2750;3303;4062;4894;5895;7078;8368;9757;11319;12921;14610;16246;17802;19362;20613;21637;22436;22984;23158;23024;22628;21929;21037;19973;18573;16953;15326;13534;11750;10000;8347;6858;5552;4408;3463;2699;2102;1579;1191;898;682;516;378;294;217;163;129;102;81;65;55;44;41;39;32;30;29;26;24;24;24;24;24;24;24;24;24;24;24;24;23;23;23;23;23;23;23;23;23;23;23;23;23;23;23;23;23;23;23;23;23;23;23;23;23;23;23;23;23;23;23;23;23;23;23;23;23;23;23;23;23
0;1;1;1;2;2;3;3;5;6;8;9;10;15;16;18;20;27;36;45;52;69;88;110;143;166;215;277;344;422;523;633;774;972;1155;1426;1753;2136;2569;3197;3884;4675;5609;6666;7907;9332;10939;12647;14325;16103;17862;19526;21151;22567;23749;24712;25480;26005;26342;26423;26349;26022;25629;25018;24284;23359;22216;20936;19413;17753;16031;14235;12382;10593;8931;7390;5976;4816;3750;2909;2231;1711;1291;965;728;528;387;295;216;169;139;105;83;67;56;46;40;36;34;31;29;25;24;22;21;21;21;20;20;20;20;20;20;20;20;20;20;20;20;20;20;20;20;20;20;20;20;20;20;20;20;20;20;20;20;20;20;20;20;20;20;20;20;20;20;20;20;20;20;20;20
0;1;2;2;2;2;2;3;4;5;6;8;10;13;17;19;23;29;33;42;51;69;84;103;122;153;191;217;265;336;420;510;652;807;979;1187;1448;1794;2189;2650;3236;3895;4692;5631;6741;8016;9393;10941;12648;14411;16232;17955;19667;21237;22662;23874;24819;25642;26164;26542;26740;26732;26537;26165;25675;24975;24134;23106;21965;20596;19050;17415;15687;13924;12111;10304;8626;7086;5752;4610;3600;2811;2166;1655;1276;965;729;553;427;325;248;203;161;120;96;80;64;54;45;41;39;36;32;32;31;28;26;26;26;26;25;25;25;25;25;25;24;24;24;24;24;24;24;24;24;24;24;24;24;24;24;24;24;24;24;24;24;24;24;24;24;24;24;24;24;24;24;24;24;24;24
0;1;2;2;2;3;3;5;5;6;8;9;10;14;16;21;26;32;37;47;63;78;93;120;148;189;232;276;347;442;546;676;826;1028;1276;1557;1947;2386;2918;3578;4359;5204;6251;7443;8809;10343;11942;13674;15489;17265;18998;20636;22103;23423;24519;25409;26030;26457;26715;26835;26777;26584;26254;25726;25086;24252;23243;22126;20803;19318;17680;15955;14170;12277;10513;8755;7233;5833;4614;3665;2876;2235;1694;1265;956;708;523;388;297;231;176;132;98;85;71;60;51;46;35;35;28;28;26;26;25;24;24;24;24;24;24;24;24;24;24;24;24;24;24;24;24;24;24;24;24;24;24;24;24;24;24;24;24;24;24;24;24;24;24;24;24;24;24;24;24;24;24;24;24;24;24
0;1;1;1;1;1;1;1;2;2;2;3;4;5;7;7;13;16;18;22;31;41;53;64;81;104;138;162;195;243;305;374;456;560;687;845;1037;1274;1556;1913;2361;2871;3484;4231;5107;6132;7303;8648;10089;11671;13231;14861;16509;18088;19424;20561;21439;22064;22349;22398;22159;21555;20677;19550;18227;16675;14928;13180;11471;9760;8133;6623;5331;4199;3258;2514;1913;1455;1120;850;659;516;377;288;218;175;130;99;72;59;51;42;33;29;27;26;26;24;23;22;20;20;20;20;20;20;20;20;20;20;20;20;20;20;20;20;20;20;20;20;20;20;20;20;20;20;20;20;20;20;20;20;20;20;20;20;20;20;20;20;20;20;20;20;20;20;20;20;20;20;20
0;1;1;1;2;2;3;3;3;4;6;6;8;11;11;12;15;19;26;30;37;47;57;67;90;106;135;167;209;265;323;385;488;600;742;914;1117;1380;1694;2106;2551;3066;3720;4522;5464;6543;7754;9119;10688;12299;14052;15818;17551;19282;20807;22219;23387;24336;25036;25543;25838;25893;25684;25313;24697;23977;23008;21851;20553;19043;17425;15692;13835;11985;10183;8450;6944;5610;4474;3521;2785;2130;1621;1210;939;700;533;407;321;245;192;151;118;86;75;64;57;50;42;37;35;30;30;29;28;28;28;28;28;28;28;28;28;28;28;28;28;28;28;28;28;28;28;28;28;28;28;28;28;28;28;28;28;28;28;28;28;28;28;28;28;28;28;28;28;28;28;28;28;28;28
0;2;2;2;3;4;5;6;6;7;8;10;14;16;19;21;29;32;45;54;69;85;101;135;171;210;264;318;400;500;611;756;931;1171;1443;1783;2191;2674;3247;3915;4765;5708;6870;8106;9540;11116;12807;14600;16475;18313;20062;21713;23171;24461;25593;26455;27133;27709;28116;28383;28594;28708;28711;28652;28547;28318;28014;27618;27132;26534;25811;24911;23945;22784;21469;19991;18405;16618;14793;12983;11086;9327;7742;6337;5080;4033;3144;2408;1802;1362;1029;789;590;456;338;267;209;171;136;117;91;71;60;49;47;45;42;40;37;36;36;36;36;35;34;34;33;33;33;33;33;33;33;33;33;33;33;33;33;33;33;33;33;33;34;34;34;34;34;34;34;34;34;34;34;34;34;34;34;34;34
0;1;1;1;1;2;2;2;2;2;2;3;6;6;6;8;10;11;15;18;26;31;35;39;52;64;83;102;130;159;197;245;307;383;466;578;732;881;1098;1368;1686;2068;2597;3149;3785;4550;5479;6604;7848;9223;10803;12381;14069;15847;17535;19110;20544;21745;22743;23474;23899;24045;23965;23569;22901;21989;20888;19545;18054;16354;14580;12795;10970;9249;7655;6230;4965;3901;3033;2307;1757;1342;989;749;582;446;341;254;181;154;113;84;71;60;52;46;36;32;28;27;26;26;25;25;25;25;25;25;25;25;25;25;25;25;25;25;25;25;25;25;25;25;25;25;25;25;25;25;25;25;25;25;25;25;25;25;25;25;25;25;25;25;25;25;25;25;25;25;25;25;25
0;1;1;1;1;1;1;1;1;2;2;3;3;5;6;7;9;14;17;22;28;34;43;57;66;84;100;122;149;184;235;279;351;438;528;655;807;984;1193;1464;1820;2250;2735;3345;4052;4893;5870;6992;8238;9656;11131;12709;14356;15970;17545;18821;19897;20706;21253;21464;21321;20938;20175;19130;17850;16333;14734;13004;11313;9536;7914;6440;5157;4134;3234;2541;1947;1488;1105;819;618;474;360;285;221;152;109;76;62;49;41;39;34;32;29;28;24;23;23;21;20;20;19;19;19;19;19;19;19;19;19;19;19;19;19;19;19;19;19;19;19;19;19;19;19;19;19;19;19;19;19;19;19;19;19;19;19;19;19;19;19;19;19;19;19;19;19;19;19;19;19
0;1;2;2;3;4;5;6;8;8;11;14;17;23;27;34;44;56;66;78;95;124;151;191;242;297;366;456;546;671;830;1015;1243;1532;1904;2307;2840;3476;4214;5086;6135;7303;8616;10114;11708;13391;15177;16979;18826;20564;22192;23611;24843;25832;26632;27250;27749;28079;28302;28427;28461;28421;28266;28055;27771;27363;26888;26307;25596;24767;23726;22530;21217;19775;18131;16404;14580;12704;10929;9201;7635;6194;4935;3928;2996;2291;1748;1322;1002;767;568;427;311;242;177;138;106;73;61;42;37;29;25;23;22;19;19;18;18;18;18;18;17;16;16;16;16;16;16;16;16;16;16;16;16;16;16;16;16;16;16;16;16;16;16;16;16;16;16;16;16;16;16;16;16;16;16;16;16;16;16
0;1;1;1;2;2;3;5;5;7;10;12;15;18;22;27;35;44;56;70;86;106;135;170;204;258;324;412;497;601;746;931;1125;1387;1716;2128;2574;3160;3857;4681;5584;6698;7985;9443;10992;12696;14498;16386;18281;19943;21640;23200;24504;25620;26497;27248;27846;28269;28598;28796;28880;28878;28790;28626;28396;28085;27642;27150;26542;25778;24863;23806;22617;21200;19717;18015;16292;14506;12660;10780;9068;7367;5980;4740;3722;2897;2213;1710;1322;1001;743;553;413;303;236;173;129;100;84;71;58;48;41;35;28;25;24;22;22;22;22;21;21;21;21;21;21;21;21;21;21;21;21;21;21;21;21;21;21;21;21;21;21;21;21;21;21;21;21;21;21;21;22;22;22;22;22;22;22;22;22
0;2;2;3;3;4;4;4;7;9;13;15;15;18;22;26;30;35;39;52;60;74;93;118;145;173;223;272;339;414;507;629;773;954;1166;1444;1744;2132;2613;3187;3866;4647;5567;6640;7800;9139;10625;12217;13915;15519;17081;18561;19836;20889;21701;22147;22335;22283;21903;21178;20251;19058;17668;16079;14379;12580;10798;9052;7503;6080;4827;3835;2996;2335;1819;1401;1082;821;620;451;338;249;179;141;107;82;57;43;36;29;25;25;22;21;20;19;19;19;19;18;18;18;18;18;18;18;18;18;18;18;18;18;18;18;18;18;19;19;19;19;19;19;19;19;19;19;19;19;19;19;19;19;19;19;19;19;19;19;19;19;19;19;19;19;19;19;19;19;19;19;19
0;1;1;2;2;2;2;3;4;5;5;7;8;11;14;18;20;26;34;38;49;58;74;93;116;142;167;211;256;328;397;499;609;753;909;1116;1360;1684;2053;2524;3072;3711;4443;5371;6435;7646;8971;10518;12207;13967;15775;17505;19317;20925;22392;23638;24686;25439;25975;26305;26442;26401;26179;25742;25156;24397;23456;22287;20941;19422;17828;16088;14251;12286;10531;8812;7289;5869;4715;3734;2856;2220;1690;1282;975;745;556;428;332;245;187;143;119;88;75;61;53;43;37;33;33;30;26;25;25;24;23;23;23;23;23;23;23;23;23;23;23;23;23;23;23;23;23;23;23;23;23;23;23;23;23;23;23;23;23;23;23;23;23;23;23;23;23;23;23;23;23;23;23;23;23
0;1;1;1;1;1;1;2;2;3;3;3;3;4;5;7;7;9;10;14;14;15;22;26;34;39;47;60;75;90;115;142;178;225;279;336;427;529;647;790;985;1195;1486;1804;2183;2671;3227;3871;4635;5498;6484;7496;8587;9749;10868;11897;12820;13471;13846;13944;13630;13106;12312;11240;10008;8713;7463;6219;5081;4074;3236;2508;1988;1530;1189;888;667;508;376;281;222;164;131;102;85;67;54;43;35;28;22;19;17;16;15;15;15;15;15;15;15;15;15;15;15;15;15;15;15;15;15;15;15;16;16;16;16;16;16;16;16;16;16;16;16;16;16;16;16;16;16;16;16;16;16;16;16;16;16;16;16;16;16;16;16;16;16;16;16;16;16
0;1;1;1;2;2;2;3;4;4;5;5;7;9;10;13;15;17;20;28;33;40;48;58;70;87;107;131;164;199;247;308;383;470;580;726;911;1100;1328;1647;2025;2507;3020;3695;4505;5362;6458;7672;8994;10501;12203;13885;15691;17468;19086;20571;22014;23177;24034;24684;25063;25149;25039;24656;24060;23211;22175;20973;19543;17974;16239;14437;12594;10824;9058;7466;6055;4815;3729;2897;2251;1726;1290;980;751;557;441;347;254;210;164;124;103;80;66;50;42;38;32;31;27;26;25;22;21;20;20;20;19;19;19;19;19;19;19;19;19;19;19;19;19;19;19;19;19;19;19;19;19;19;19;19;19;19;19;19;19;19;19;19;19;19;19;19;19;19;19;19;19;19;19
0;1;1;1;2;2;2;3;4;4;5;7;9;11;13;15;15;17;22;25;35;41;48;58;83;99;130;154;185;236;284;341;414;511;614;761;942;1145;1399;1735;2106;2569;3132;3763;4594;5525;6665;7862;9214;10738;12313;14064;15750;17343;18942;20389;21619;22504;23222;23597;23690;23498;23026;22387;21476;20381;19072;17463;15778;14039;12221;10493;8765;7245;5834;4653;3672;2822;2187;1662;1265;954;718;544;401;313;231;188;137;105;80;67;59;50;43;41;34;32;30;29;28;26;26;25;25;24;24;24;23;23;23;23;23;23;23;23;23;23;23;23;23;23;23;23;23;23;23;23;23;23;23;23;23;23;23;23;23;23;23;23;23;23;23;23;23;23;23;23;23;23;23
0;1;1;2;2;3;3;4;4;5;5;6;10;11;15;17;21;32;36;49;62;70;85;104;146;170;221;282;344;426;523;653;800;1009;1235;1533;1888;2294;2793;3424;4126;4988;5990;7140;8478;9935;11596;13335;15174;16904;18683;20389;22009;23331;24541;25579;26336;26893;27360;27663;27815;27846;27771;27554;27242;26812;26273;25605;24798;23822;22716;21454;19984;18340;16641;14750;12908;11062;9396;7861;6400;5152;4113;3257;2502;1952;1488;1142;868;670;517;394;306;236;184;149;116;102;81;68;57;48;41;39;37;36;35;33;32;31;30;30;29;29;29;29;29;29;29;29;29;29;29;29;29;29;29;29;29;29;29;29;29;29;29;29;29;29;29;29;29;29;29;29;29;29;29;29;29;29;29
0;1;2;2;3;3;5;5;6;10;14;14;19;26;29;36;41;55;61;72;86;104;134;174;211;257;315;388;488;584;699;884;1094;1327;1644;2038;2476;3005;3616;4398;5290;6347;7472;8846;10299;11923;13592;15300;16978;18601;20129;21428;22602;23500;24159;24653;24854;24854;24622;24207;23581;22739;21735;20460;19099;17518;15893;14163;12359;10636;9008;7493;6129;4876;3880;3028;2340;1825;1359;1004;747;575;447;329;261;189;154;126;103;79;60;48;40;35;30;29;29;28;27;25;24;24;23;23;23;23;23;23;23;23;23;23;23;23;23;23;23;23;23;23;23;23;23;23;23;23;23;23;23;23;23;23;23;23;23;23;23;23;23;23;23;23;23;23;23;23;23;23;23;23;23
0;2;2;2;4;6;8;11;15;17;21;26;32;41;51;60;76;97;123;151;191;243;284;351;447;554;694;867;1091;1337;1643;2040;2490;3048;3698;4466;5436;6466;7720;9075;10652;12298;13984;15843;17708;19463;21143;22643;23947;25084;26029;26770;27353;27747;28067;28228;28290;28232;28110;27896;27595;27170;26646;26056;25317;24380;23318;22115;20706;19144;17511;15757;13904;12037;10210;8557;7031;5718;4553;3583;2795;2154;1651;1245;956;718;540;412;323;245;181;154;118;89;71;60;51;46;38;32;30;28;26;26;25;24;24;23;22;21;21;21;21;21;21;21;21;21;21;21;21;21;21;21;21;21;21;21;21;21;21;21;21;21;21;21;21;21;21;21;21;21;21;21;21;21;21;21;21;21;21
0;2;2;2;3;6;7;8;12;15;21;22;32;36;40;46;55;65;80;96;118;152;193;243;302;385;475;579;684;855;1054;1287;1603;1962;2409;2942;3579;4338;5243;6315;7494;8775;10318;11964;13671;15482;17262;18972;20642;22106;23332;24385;25182;25733;26081;26201;26126;25848;25318;24570;23689;22599;21288;19780;18164;16446;14627;12787;10980;9239;7599;6150;4936;3911;2996;2318;1754;1301;1015;757;572;425;318;254;196;154;121;95;74;62;52;45;38;33;31;28;25;22;21;20;20;20;20;20;20;19;19;19;19;19;19;19;19;19;19;19;19;19;19;19;19;19;19;19;19;19;19;19;19;19;19;19;19;19;19;19;19;19;19;19;19;19;19;19;19;19;19;19;19;19;19
0;2;2;3;5;6;8;9;12;15;16;19;26;32;36;49;66;78;94;123;153;193;230;294;364;453;558;684;853;1053;1303;1574;1943;2403;2928;3559;4318;5191;6243;7455;8752;10275;11905;13651;15459;17364;19124;20801;22343;23688;24837;25734;26455;26985;27325;27518;27574;27495;27251;26916;26442;25822;25032;24076;23027;21706;20348;18830;17136;15298;13494;11633;9879;8248;6738;5443;4270;3309;2565;1954;1509;1138;848;646;489;382;300;235;181;128;103;80;63;57;52;43;39;34;33;30;30;30;30;30;30;30;29;29;29;29;29;29;29;29;29;29;29;29;29;29;29;29;29;29;29;29;29;29;29;29;29;29;29;29;29;29;29;29;29;29;29;29;29;29;29;29;29;29;29;29;29
0;1;1;1;1;1;1;1;1;2;2;3;5;6;7;9;10;12;12;13;18;20;26;31;36;47;60;76;86;109;139;168;212;258;321;398;487;596;751;923;1134;1374;1686;2093;2545;3105;3730;4519;5408;6459;7632;8914;10380;11960;13604;15345;17048;18638;20003;21280;22313;23078;23521;23748;23644;23328;22680;21799;20695;19461;18047;16351;14621;12839;11100;9421;7802;6372;5101;4032;3187;2458;1893;1448;1090;846;670;488;362;276;205;162;131;105;87;77;67;58;49;46;38;36;33;30;26;25;25;24;24;24;24;24;24;24;24;24;24;24;24;24;24;24;24;24;24;24;24;24;24;24;24;24;24;24;24;24;24;24;24;24;24;24;24;24;24;24;24;24;24;24;24
0;2;2;2;4;4;6;7;8;13;15;18;22;30;41;54;68;92;112;138;177;219;279;327;396;477;592;749;918;1123;1359;1671;2037;2483;3047;3681;4483;5400;6417;7624;8935;10465;12098;13880;15694;17600;19353;20997;22468;23776;24886;25754;26434;26987;27276;27466;27502;27427;27207;26848;26332;25717;24929;23989;22821;21583;20161;18604;16879;15043;13261;11471;9691;8040;6572;5271;4170;3224;2491;1899;1437;1078;815;596;462;352;263;191;145;113;83;70;50;46;38;34;32;27;27;26;26;26;26;26;26;26;26;26;26;26;26;26;26;26;26;26;26;26;26;26;26;26;26;26;26;26;26;26;26;26;26;26;26;26;26;26;26;26;26;26;26;26;26;26;26;26;26;26;26;26;26
0;2;2;3;5;5;7;10;11;12;14;19;23;28;39;50;65;81;97;118;139;180;220;265;323;404;490;597;746;954;1179;1447;1784;2188;2734;3316;4032;4893;5893;6992;8302;9767;11381;13065;14861;16689;18483;20202;21822;23259;24496;25517;26336;26966;27439;27791;27970;28024;27983;27859;27663;27317;26870;26307;25617;24806;23826;22718;21351;19874;18232;16491;14619;12805;11002;9319;7603;6193;4947;3897;3046;2375;1805;1382;1061;811;615;459;331;254;193;137;109;88;78;62;58;46;39;38;37;36;34;33;32;31;31;31;31;30;30;30;30;30;30;30;30;30;30;30;30;30;30;30;30;30;30;30;30;30;30;30;30;30;30;30;30;30;30;30;30;30;30;30;30;30;30;30;30;30;30
0;1;1;1;2;2;3;4;4;4;5;8;9;13;16;20;25;30;33;44;55;69;84;111;138;162;206;262;324;391;490;616;754;943;1183;1477;1810;2194;2694;3302;4028;4854;5793;6912;8259;9728;11320;13059;14833;16653;18375;20101;21637;22994;24127;24978;25632;26063;26230;26242;25987;25554;24909;24091;23057;21892;20519;19002;17318;15490;13698;11859;9993;8359;6845;5520;4346;3390;2595;1990;1543;1163;855;652;494;357;273;219;172;139;108;85;67;55;46;40;34;26;26;25;25;24;23;23;23;23;23;24;24;24;24;24;24;24;24;24;24;24;24;24;24;24;24;24;24;24;24;24;24;24;24;24;24;24;24;24;24;24;24;24;24;24;24;24;24;24;24;24;24;24;24
0;2;2;2;3;4;6;6;7;9;11;14;17;19;23;28;35;43;50;64;82;105;125;156;188;231;287;358;436;541;677;824;1013;1237;1548;1923;2365;2857;3488;4262;5116;6099;7316;8713;10160;11802;13519;15342;17119;18868;20446;21895;23119;24038;24797;25267;25502;25522;25301;24920;24248;23409;22350;21096;19713;18132;16421;14564;12716;10949;9197;7604;6142;4892;3874;2987;2308;1768;1322;980;740;560;423;336;258;210;158;120;96;79;62;50;43;37;37;33;30;29;25;24;24;24;24;24;24;24;24;24;24;24;24;24;24;24;24;24;24;24;24;24;24;24;24;24;24;24;24;24;24;24;24;24;24;24;24;24;24;24;24;24;24;24;24;24;24;24;24;24;24;24;24
0;2;2;3;3;3;4;5;6;8;10;12;18;20;26;32;37;49;62;75;98;117;141;179;224;288;343;431;531;653;809;983;1211;1490;1795;2218;2660;3242;3953;4743;5676;6746;8057;9455;10962;12656;14439;16293;18086;19820;21397;22872;24004;24966;25679;26266;26634;26786;26794;26631;26306;25780;25139;24315;23288;22141;20821;19304;17673;15907;14086;12248;10470;8783;7227;5846;4643;3633;2812;2136;1627;1235;916;688;518;398;305;230;173;133;110;88;71;59;47;47;44;35;31;29;25;23;22;21;20;20;20;19;19;19;17;17;17;17;17;17;17;17;17;17;17;17;17;17;17;17;17;17;17;17;17;17;17;17;17;17;17;17;17;17;17;17;17;17;17;17;17;17;17;17;17
0;2;2;3;4;5;7;9;12;17;20;26;32;39;47;59;73;93;116;147;187;233;293;371;447;539;668;821;998;1209;1509;1835;2239;2738;3318;4044;4881;5876;7069;8363;9798;11436;13176;14998;16786;18718;20510;22140;23618;24921;25988;26858;27526;28054;28464;28775;28982;29076;29151;29106;29026;28858;28620;28372;28005;27576;27030;26358;25584;24673;23569;22312;20859;19208;17538;15650;13815;11939;10184;8422;6926;5563;4446;3463;2675;2045;1540;1185;889;685;513;381;298;232;188;151;114;89;73;58;48;42;37;34;31;31;30;28;28;28;27;27;26;26;26;26;26;26;26;26;26;26;26;26;26;26;26;26;26;26;26;26;26;26;26;26;26;26;26;26;26;26;26;26;26;26;26;26;26;26;27
0;2;2;2;2;3;5;6;6;9;12;15;21;25;29;38;51;61;78;97;118;149;180;223;283;361;439;534;663;826;1017;1236;1502;1856;2275;2756;3333;4096;4923;5919;7102;8454;9921;11580;13271;15067;16950;18763;20419;21896;23239;24497;25461;26199;26725;27065;27263;27268;27142;26853;26432;25937;25242;24378;23312;22120;20746;19237;17589;15747;13944;12060;10271;8610;7014;5622;4438;3473;2709;2050;1539;1179;880;665;496;371;272;206;160;121;92;69;55;44;37;29;22;21;20;19;18;18;18;17;17;17;17;17;17;17;17;17;17;17;17;17;17;17;17;17;17;17;17;17;17;17;17;17;17;17;17;17;17;17;17;17;17;17;17;17;17;17;17;17;17;17;17;17;17;17;17
0;2;2;3;3;4;5;6;6;7;8;11;12;15;17;23;27;32;46;52;62;79;103;126;158;193;233;295;375;465;577;709;870;1071;1328;1611;1962;2401;2884;3531;4247;5113;6154;7327;8732;10267;11872;13573;15313;17191;18923;20499;21949;23196;24191;24956;25569;25846;25981;25867;25542;25056;24341;23455;22360;21087;19692;18103;16334;14498;12622;10880;9164;7609;6183;4908;3848;2968;2226;1725;1302;953;739;552;404;320;227;184;145;113;82;62;46;37;30;25;20;17;16;12;11;10;10;10;10;10;10;10;10;10;10;10;10;10;10;10;10;10;10;10;10;10;10;10;10;10;10;10;10;10;10;10;10;10;10;10;10;10;10;10;10;10;10;10;10;10;10;10;10;10;10
0;1;1;2;2;3;5;6;6;9;11;13;14;16;20;29;33;40;47;60;77;96;111;147;182;220;269;325;403;497;606;749;931;1134;1416;1747;2096;2571;3157;3830;4631;5577;6609;7873;9206;10726;12312;14030;15762;17466;18978;20430;21610;22581;23300;23735;23923;23796;23368;22685;21788;20720;19417;17910;16227;14436;12628;10830;9087;7520;6167;4909;3900;3023;2345;1778;1350;1034;774;591;447;339;246;189;139;109;92;73;64;53;44;38;35;34;32;31;30;29;29;28;28;28;28;27;27;27;27;27;27;27;27;27;27;27;27;27;27;27;27;27;27;27;27;27;27;27;27;27;27;27;27;27;27;27;27;27;27;27;27;27;27;27;27;27;27;27;27;27;27;27;27
0;2;2;2;2;3;4;6;7;11;14;15;20;29;33;44;52;66;82;108;135;167;208;253;309;391;479;597;730;911;1120;1360;1672;2055;2485;3030;3687;4427;5340;6403;7612;8983;10457;12101;13816;15579;17320;19052;20668;22079;23318;24392;25223;25803;26125;26237;26206;25944;25517;24931;24135;23122;21993;20572;19050;17375;15636;13872;12026;10274;8556;7054;5653;4521;3498;2720;2121;1653;1296;999;735;557;425;327;242;178;138;103;82;65;56;50;44;35;30;27;27;25;24;23;23;23;23;22;22;22;22;22;22;22;22;22;22;22;22;22;22;22;22;22;22;22;22;22;22;22;22;22;22;22;22;22;22;22;22;22;22;22;22;22;22;22;22;22;22;22;22;22;22;22;22
0;2;2;2;3;4;5;6;7;9;12;17;18;24;32;38;49;60;77;96;121;156;190;244;289;366;453;565;676;837;1041;1273;1574;1933;2351;2870;3479;4210;5058;6051;7237;8536;10031;11583;13242;14890;16591;18304;19895;21181;22303;23156;23776;24250;24321;24188;23845;23210;22315;21218;19928;18382;16729;14914;13151;11332;9632;8072;6598;5365;4284;3353;2565;1987;1535;1179;903;668;498;389;303;233;178;129;101;82;64;55;49;40;36;32;29;27;27;27;25;25;24;24;24;24;24;24;24;23;23;23;23;23;23;23;23;23;23;23;23;23;23;23;23;23;23;23;23;23;23;23;23;23;23;23;23;23;23;23;23;23;23;23;23;23;23;23;23;23;23;23;23;23;23
0;1;1;1;1;1;2;2;2;2;3;5;5;6;7;8;8;10;14;14;18;22;28;35;45;54;63;75;88;116;148;182;218;263;329;402;500;612;755;935;1166;1422;1731;2104;2561;3128;3811;4586;5483;6532;7674;8973;10380;11905;13425;14880;16306;17595;18606;19272;19718;19820;19562;19079;18185;17039;15662;14214;12523;10864;9240;7777;6373;5093;4023;3139;2432;1839;1372;1018;762;575;445;312;236;196;148;120;98;78;64;53;48;39;35;32;30;29;26;24;22;20;20;19;19;19;19;18;18;18;18;18;18;18;18;18;18;18;18;18;18;18;18;18;18;18;18;18;18;18;18;18;18;18;18;18;18;18;18;18;18;18;18;18;18;18;18;18;18;18;18
0;1;2;2;2;4;4;5;8;8;9;10;12;16;21;28;33;42;53;65;75;96;114;151;187;232;291;361;457;562;696;868;1063;1317;1635;2006;2411;2952;3570;4333;5212;6273;7479;8858;10385;12046;13727;15512;17264;18962;20567;22106;23391;24463;25308;25884;26281;26467;26459;26283;25956;25432;24723;23915;22815;21582;20162;18642;16955;15153;13263;11528;9774;8135;6685;5412;4242;3351;2563;1950;1499;1151;877;657;508;381;301;224;170;134;112;91;75;59;51;42;41;39;36;36;35;35;33;31;29;29;29;29;29;29;29;29;29;29;29;29;29;29;29;29;29;29;29;29;29;29;29;29;29;29;29;29;29;29;29;29;29;29;29;29;29;29;29;29;29;29;29;29;29;29;29
0;1;1;1;1;1;2;2;2;2;2;2;2;2;2;3;5;6;6;7;8;8;9;12;15;18;19;25;34;44;54;67;84;101;116;148;177;217;271;336;423;508;618;763;940;1147;1392;1718;2117;2586;3138;3793;4592;5474;6537;7690;8872;10220;11674;13021;14428;15680;16732;17537;18038;18171;18024;17570;16678;15575;14202;12690;11096;9529;8034;6598;5360;4258;3377;2649;2047;1589;1223;908;689;493;364;282;227;178;142;111;90;70;54;48;38;33;30;29;28;27;24;23;23;23;23;23;23;22;22;22;22;22;22;22;22;22;22;22;22;22;22;22;22;22;23;23;23;23;23;23;23;23;23;23;23;23;23;23;23;23;23;23;23;23;23;23;23;23;23
0;1;1;1;1;2;2;3;4;4;5;5;7;8;10;13;14;18;25;34;41;54;70;87;113;144;174;221;271;343;416;525;649;810;994;1223;1497;1859;2251;2729;3333;4010;4794;5735;6834;8040;9387;10873;12445;14083;15622;17135;18481;19638;20500;21087;21330;21222;20795;20000;18940;17712;16263;14637;12984;11266;9549;7986;6509;5245;4108;3222;2475;1923;1465;1116;834;637;487;385;300;212;161;118;91;66;51;37;30;25;23;20;19;19;19;17;16;15;15;15;15;15;15;15;15;15;15;15;15;15;15;15;15;15;15;15;15;15;15;15;15;15;15;15;15;15;15;15;15;15;15;15;15;15;15;15;15;15;15;15;15;15;15;15;15;15;15;15;15;15;15
0;1;1;1;1;2;2;3;3;4;7;8;9;12;17;20;30;36;45;58;68;85;111;136;157;197;243;296;369;466;576;709;863;1079;1318;1642;2030;2492;3025;3676;4478;5346;6359;7532;8851;10382;12006;13673;15416;17143;18831;20476;21789;22993;23889;24512;24967;25130;25044;24728;24188;23401;22417;21242;19837;18318;16678;14892;13124;11316;9544;7959;6494;5196;4130;3212;2490;1908;1486;1135;850;638;493;375;284;224;173;135;107;87;76;66;51;47;43;41;38;36;34;32;31;31;31;31;31;31;31;31;31;31;31;31;31;31;31;31;31;31;31;31;31;31;31;31;31;31;31;31;31;31;31;31;31;31;31;31;31;31;31;31;31;31;31;31;31;31;31;31;31;31;31
0;2;2;2;3;3;3;3;4;5;6;7;11;13;13;20;26;27;36;44;53;65;75;96;117;144;174;207;260;317;391;472;585;729;900;1101;1334;1647;1987;2433;2977;3649;4393;5304;6326;7514;8926;10412;12024;13688;15541;17379;19103;20729;22255;23619;24761;25761;26465;27016;27462;27760;27934;27956;27878;27654;27340;26947;26386;25749;24956;23992;22885;21591;20154;18570;16809;15017;13164;11335;9641;8094;6586;5320;4191;3271;2527;1946;1492;1125;842;651;473;342;276;218;164;127;97;74;58;49;41;32;26;25;24;24;21;20;20;20;20;20;20;20;20;20;20;20;20;20;18;18;18;18;18;18;18;18;18;18;18;18;18;18;18;18;18;18;18;18;18;18;18;18;18;18;18;18;18
0;1;1;1;2;2;4;5;6;7;10;14;17;20;26;34;39;49;64;79;99;121;150;183;223;277;344;411;495;599;754;903;1094;1362;1675;2046;2547;3131;3801;4585;5475;6555;7800;9197;10737;12340;14095;15921;17676;19356;20960;22345;23612;24563;25355;25883;26170;26321;26262;26015;25586;24962;24182;23238;22065;20804;19291;17674;15783;14110;12256;10510;8838;7272;5884;4732;3709;2879;2240;1737;1324;1014;790;621;471;350;256;199;156;123;103;85;74;66;57;49;47;38;34;32;31;29;29;29;28;28;28;28;28;27;27;27;27;27;27;27;27;27;27;27;27;27;27;27;27;27;27;27;27;27;27;27;27;27;27;27;27;27;27;27;27;27;27;27;27;27;27;27;27;27;27
0;1;1;1;2;2;3;4;4;4;5;6;8;9;10;14;15;17;23;27;36;43;50;66;84;101;118;141;181;214;268;329;406;511;625;760;950;1171;1442;1743;2098;2545;3128;3756;4551;5453;6489;7709;9064;10602;12250;13897;15643;17320;19006;20504;21862;23034;23888;24463;24746;24901;24807;24523;23996;23243;22280;21124;19772;18305;16570;14812;13031;11275;9514;7950;6498;5217;4121;3251;2559;1945;1499;1117;832;611;470;366;287;227;173;132;106;81;66;50;42;37;34;32;31;30;29;26;25;24;24;24;23;22;22;22;20;20;20;20;20;20;20;20;20;20;20;20;20;20;20;20;20;20;20;20;20;20;20;20;20;20;20;20;20;20;20;20;20;20;20;20;20;20;20
0;1;1;1;2;2;2;2;3;5;5;9;12;13;16;19;23;28;32;40;54;72;82;106;127;164;200;243;296;377;456;563;685;842;1030;1271;1565;1900;2327;2824;3419;4174;5001;5982;7137;8466;9922;11476;13260;15021;16868;18659;20359;21966;23350;24546;25544;26394;27047;27545;27868;28021;28076;28073;27972;27764;27470;27033;26497;25814;25060;24127;23117;21860;20512;18959;17214;15445;13622;11747;9943;8319;6794;5428;4311;3353;2611;2000;1507;1147;877;676;512;385;294;234;185;141;119;86;71;58;54;46;45;42;40;40;40;38;38;38;37;36;36;36;36;36;35;35;35;35;35;35;35;35;35;35;35;35;35;35;35;35;35;35;35;35;35;35;35;35;35;35;35;35;35;35;35;35;35
0;1;1;1;1;1;1;1;1;1;2;2;2;3;5;6;7;7;7;10;15;18;21;23;26;31;41;47;62;81;99;122;149;184;230;278;342;421;515;652;788;984;1222;1510;1856;2264;2764;3325;4035;4895;5881;7014;8282;9631;11158;12672;14163;15737;17096;18314;19294;19993;20316;20451;20141;19578;18565;17371;15979;14428;12802;11066;9398;7787;6400;5169;4066;3194;2471;1910;1467;1089;785;587;448;346;254;184;142;101;83;59;47;41;36;30;25;23;23;23;19;18;17;17;16;16;16;16;16;16;16;16;16;16;16;16;15;15;15;15;15;15;15;15;15;15;15;15;15;15;15;15;15;15;15;15;15;15;15;15;15;15;14;14;14;14;14;14;14;14;14
0;1;1;1;2;2;4;5;6;8;11;16;19;22;27;33;42;54;67;84;110;132;168;209;264;328;390;488;607;757;926;1158;1422;1712;2097;2570;3094;3787;4627;5594;6686;7950;9342;10926;12602;14391;16102;17910;19577;21094;22449;23521;24387;25002;25367;25471;25396;25045;24497;23749;22810;21658;20302;18787;17135;15312;13520;11677;9921;8203;6669;5332;4240;3313;2543;1922;1441;1083;810;623;467;350;261;206;162;133;104;79;63;50;39;28;26;22;21;20;19;18;17;17;17;17;17;17;17;17;17;17;17;17;17;17;17;17;17;17;17;17;17;17;17;17;17;17;17;17;17;17;17;17;17;17;17;17;17;17;17;17;17;17;17;17;17;17;17;17;17;17;17;17;17
0;2;2;4;7;8;11;12;17;19;24;31;40;50;60;79;99;124;159;194;237;295;376;451;564;688;822;1035;1243;1517;1841;2259;2735;3352;4062;4872;5868;6952;8234;9681;11306;12966;14648;16410;18199;19951;21489;22985;24188;25164;25990;26591;27003;27272;27391;27410;27267;27051;26682;26202;25568;24788;23885;22826;21570;20209;18606;16975;15221;13418;11592;9908;8287;6769;5513;4356;3411;2683;2067;1588;1217;927;692;526;392;312;234;185;147;106;83;64;52;47;43;40;38;36;33;33;32;31;30;30;30;30;30;30;30;30;29;29;29;29;29;28;28;28;28;28;28;28;28;28;28;28;28;28;28;28;28;28;28;28;28;28;28;28;28;28;28;28;28;28;28;28;28;28;28;28;28
0;1;1;1;1;1;1;2;2;2;3;4;4;4;5;7;8;12;15;20;26;30;37;42;58;74;93;113;149;188;236;301;371;459;567;700;858;1069;1316;1623;1980;2448;2996;3628;4411;5265;6261;7364;8723;10124;11624;13243;14757;16231;17706;18907;19867;20429;20813;20868;20515;19900;18936;17766;16410;14897;13232;11566;9895;8297;6866;5573;4364;3411;2662;2066;1618;1221;929;713;550;417;317;245;189;136;107;88;78;60;49;45;42;39;36;34;30;28;28;26;26;26;26;26;25;24;24;24;24;24;24;24;24;24;24;24;24;24;24;24;24;24;24;24;24;24;24;24;24;24;24;24;24;24;24;24;24;24;24;24;24;24;24;24;24;24;24;24;24;24;24
0;1;1;1;1;1;2;2;3;5;7;8;11;13;17;22;24;28;34;44;50;62;84;107;131;157;197;244;305;378;466;571;710;860;1069;1324;1645;1990;2439;2940;3627;4362;5297;6278;7420;8736;10243;11844;13457;15230;16922;18629;20217;21544;22725;23642;24330;24753;24956;24901;24573;23977;23243;22232;21056;19735;18180;16500;14750;12883;11090;9378;7751;6360;5128;4059;3209;2499;1927;1453;1101;833;624;459;355;271;198;150;126;101;88;68;52;45;39;37;35;32;31;29;27;25;24;23;23;23;22;22;22;22;22;22;22;22;22;22;22;22;22;22;22;22;22;22;22;22;22;22;22;22;22;22;22;22;22;22;22;22;22;22;22;22;22;22;22;22;22;22;22;22;22
0;2;2;3;5;5;5;7;9;11;13;14;18;21;27;28;35;42;53;65;80;99;120;152;192;242;290;362;453;555;697;827;1040;1298;1592;1957;2381;2894;3506;4279;5174;6226;7368;8742;10234;11907;13606;15470;17290;18960;20630;22246;23566;24670;25623;26359;26835;27155;27342;27331;27183;26913;26462;25873;25144;24319;23280;22045;20655;19138;17390;15562;13755;11865;10036;8414;6883;5513;4327;3355;2599;1989;1524;1153;872;655;491;364;268;203;156;119;91;77;64;49;42;38;33;28;28;27;24;23;23;22;22;22;22;22;22;22;22;22;22;22;22;22;22;22;22;22;22;22;22;22;22;22;22;22;22;22;22;22;22;22;22;22;22;22;22;22;22;22;22;22;22;22;22;22;22
